DROP TABLE departments CASCADE CONSTRAINTS;
CREATE TABLE departments(
    d_id NUMBER PRIMARY KEY,
    d_name VARCHAR2(50) NOT NULL,
    location VARCHAR2(50) NOT NULL,
    hod_name VARCHAR2(50) NOT NULL
);

DROP TABLE students CASCADE CONSTRAINTS;
CREATE TABLE students(
    s_id NUMBER PRIMARY KEY,
    name VARCHAR2(50) NOT NULL,
    gender VARCHAR2(6) NOT NULL CHECK(gender IN ('Female', 'Male')),
    dob DATE NOT NULL,
    department_id NUMBER REFERENCES departments(d_id)
);

-- DROP TABLE faculty CASCADE CONSTRAINTS;
CREATE TABLE faculty(
    f_id NUMBER PRIMARY KEY,
    f_name VARCHAR2(50) NOT NULL,
    gender VARCHAR2(6) NOT NULL CHECK(gender IN ('Female', 'Male')),
    salary NUMBER(9, 2) NOT NULL,
    dob DATE NOT NULL,
    doj DATE NOT NULL,
    department_id NUMBER REFERENCES departments(d_id)
);

DROP TABLE courses CASCADE CONSTRAINTS;
CREATE TABLE courses(
    c_id NUMBER PRIMARY KEY,
    c_name VARCHAR2(50) NOT NULL,
    price NUMBER NOT NULL CHECK(price >= 6000 AND price <= 20000),
    duration NUMBER CHECK(duration BETWEEN 150 AND 300)
);

-- DROP TABLE enrollments CASCADE CONSTRAINTS;
CREATE TABLE enrollments(
    e_id NUMBER GENERATED ALWAYS AS IDENTITY PRIMARY KEY,
    student_id NUMBER REFERENCES students(s_id),
    course_id NUMBER REFERENCES courses(c_id),
    enrolment_date DATE NOT NULL
);

-- DROP TABLE course_mappings CASCADE CONSTRAINTS;
CREATE TABLE course_mappings(
    m_id NUMBER GENERATED ALWAYS AS IDENTITY PRIMARY KEY,
    faculty_id NUMBER REFERENCES faculty(f_id),
    course_id NUMBER REFERENCES courses(c_id),
    role VARCHAR2(10) NOT NULL CHECK(role IN ('Primary', 'Secondary'))
);




INSERT INTO departments (d_id, d_name, location, hod_name) VALUES (101, 'CSE', 'Billgates Bhavan', 'Anita Sharma');
INSERT INTO departments (d_id, d_name, location, hod_name) VALUES (102, 'IT', 'Billgates Bhavan', 'Rajesh Kumar');
INSERT INTO departments (d_id, d_name, location, hod_name) VALUES (103, 'AIML', 'Ramanujan Bhavan', 'Meena Reddy');
INSERT INTO departments (d_id, d_name, location, hod_name) VALUES (104, 'DS', 'Ramanujan Bhavan', 'Arun Nair');
INSERT INTO departments (d_id, d_name, location, hod_name) VALUES (105, 'IoT', 'Ratan Tata Bhavan', 'Sunil Menon');
INSERT INTO departments (d_id, d_name, location, hod_name) VALUES (106, 'EEE', 'Ramanujan Bhavan', 'Kavita Iyer');
INSERT INTO departments (d_id, d_name, location, hod_name) VALUES (107, 'ECE', 'Ratan Tata Bhavan', 'Vikram Patil');
INSERT INTO departments (d_id, d_name, location, hod_name) VALUES (108, 'MECH', 'Billgates Bhavan', 'Pradeep Joshi');


INSERT INTO students (s_id, name, gender, dob, department_id) VALUES (1, 'Amit Thomas', 'Female', TO_DATE('2005-12-09', 'YYYY-MM-DD'), 103);
INSERT INTO students (s_id, name, gender, dob, department_id) VALUES (2, 'Olivia Patel', 'Female', TO_DATE('2006-01-16', 'YYYY-MM-DD'), 105);
INSERT INTO students (s_id, name, gender, dob, department_id) VALUES (3, 'David Wilson', 'Female', TO_DATE('2004-05-14', 'YYYY-MM-DD'), 104);
INSERT INTO students (s_id, name, gender, dob, department_id) VALUES (4, 'Anita Thomas', 'Female', TO_DATE('2006-11-24', 'YYYY-MM-DD'), 105);
INSERT INTO students (s_id, name, gender, dob, department_id) VALUES (5, 'Vikram Taylor', 'Female', TO_DATE('2005-07-02', 'YYYY-MM-DD'), 102);
INSERT INTO students (s_id, name, gender, dob, department_id) VALUES (6, 'Meena Joshi', 'Male', TO_DATE('2004-11-27', 'YYYY-MM-DD'), 108);
INSERT INTO students (s_id, name, gender, dob, department_id) VALUES (7, 'Sneha Smith', 'Male', TO_DATE('2005-05-14', 'YYYY-MM-DD'), 104);
INSERT INTO students (s_id, name, gender, dob, department_id) VALUES (8, 'Anita Taylor', 'Female', TO_DATE('2005-08-29', 'YYYY-MM-DD'), 103);
INSERT INTO students (s_id, name, gender, dob, department_id) VALUES (9, 'Emma Iyer', 'Female', TO_DATE('2004-07-30', 'YYYY-MM-DD'), 107);
INSERT INTO students (s_id, name, gender, dob, department_id) VALUES (10, 'John Joshi', 'Female', TO_DATE('2006-05-28', 'YYYY-MM-DD'), 107);
INSERT INTO students (s_id, name, gender, dob, department_id) VALUES (11, 'Anita Sharma', 'Female', TO_DATE('2004-04-19', 'YYYY-MM-DD'), 104);
INSERT INTO students (s_id, name, gender, dob, department_id) VALUES (12, 'John Thomas', 'Male', TO_DATE('2007-06-12', 'YYYY-MM-DD'), 107);
INSERT INTO students (s_id, name, gender, dob, department_id) VALUES (13, 'Isabella Anderson', 'Female', TO_DATE('2004-05-14', 'YYYY-MM-DD'), 101);
INSERT INTO students (s_id, name, gender, dob, department_id) VALUES (14, 'John Reddy', 'Male', TO_DATE('2006-07-24', 'YYYY-MM-DD'), 101);
INSERT INTO students (s_id, name, gender, dob, department_id) VALUES (15, 'Emma Sharma', 'Male', TO_DATE('2007-07-21', 'YYYY-MM-DD'), 105);
INSERT INTO students (s_id, name, gender, dob, department_id) VALUES (16, 'Michael Singh', 'Male', TO_DATE('2007-11-18', 'YYYY-MM-DD'), 107);
INSERT INTO students (s_id, name, gender, dob, department_id) VALUES (17, 'Rahul Nair', 'Female', TO_DATE('2005-08-06', 'YYYY-MM-DD'), 103);
INSERT INTO students (s_id, name, gender, dob, department_id) VALUES (18, 'John Taylor', 'Female', TO_DATE('2004-03-01', 'YYYY-MM-DD'), 104);
INSERT INTO students (s_id, name, gender, dob, department_id) VALUES (19, 'Kavita Smith', 'Male', TO_DATE('2006-08-05', 'YYYY-MM-DD'), 105);
INSERT INTO students (s_id, name, gender, dob, department_id) VALUES (20, 'Meena Sharma', 'Female', TO_DATE('2007-12-25', 'YYYY-MM-DD'), 103);
INSERT INTO students (s_id, name, gender, dob, department_id) VALUES (21, 'Sneha Davis', 'Male', TO_DATE('2007-06-29', 'YYYY-MM-DD'), 108);
INSERT INTO students (s_id, name, gender, dob, department_id) VALUES (22, 'Michael Joshi', 'Male', TO_DATE('2007-03-28', 'YYYY-MM-DD'), 104);
INSERT INTO students (s_id, name, gender, dob, department_id) VALUES (23, 'James Johnson', 'Female', TO_DATE('2006-05-14', 'YYYY-MM-DD'), 102);
INSERT INTO students (s_id, name, gender, dob, department_id) VALUES (24, 'Vikram Sharma', 'Male', TO_DATE('2005-06-14', 'YYYY-MM-DD'), 102);
INSERT INTO students (s_id, name, gender, dob, department_id) VALUES (25, 'Kavita Verma', 'Male', TO_DATE('2007-05-08', 'YYYY-MM-DD'), 106);
INSERT INTO students (s_id, name, gender, dob, department_id) VALUES (26, 'Amit Brown', 'Female', TO_DATE('2004-06-10', 'YYYY-MM-DD'), 108);
INSERT INTO students (s_id, name, gender, dob, department_id) VALUES (27, 'Rohan Sharma', 'Female', TO_DATE('2004-12-12', 'YYYY-MM-DD'), 105);
INSERT INTO students (s_id, name, gender, dob, department_id) VALUES (28, 'John Reddy', 'Female', TO_DATE('2005-09-21', 'YYYY-MM-DD'), 101);
INSERT INTO students (s_id, name, gender, dob, department_id) VALUES (29, 'James Smith', 'Male', TO_DATE('2006-03-13', 'YYYY-MM-DD'), 104);
INSERT INTO students (s_id, name, gender, dob, department_id) VALUES (30, 'Michael Kumar', 'Female', TO_DATE('2004-08-11', 'YYYY-MM-DD'), 102);
INSERT INTO students (s_id, name, gender, dob, department_id) VALUES (31, 'Rohan Kumar', 'Male', TO_DATE('2005-10-16', 'YYYY-MM-DD'), 102);
INSERT INTO students (s_id, name, gender, dob, department_id) VALUES (32, 'Kavita Wilson', 'Female', TO_DATE('2004-11-21', 'YYYY-MM-DD'), 108);
INSERT INTO students (s_id, name, gender, dob, department_id) VALUES (33, 'Emma Thomas', 'Female', TO_DATE('2007-04-16', 'YYYY-MM-DD'), 103);
INSERT INTO students (s_id, name, gender, dob, department_id) VALUES (34, 'Meena Nair', 'Female', TO_DATE('2005-11-13', 'YYYY-MM-DD'), 107);
INSERT INTO students (s_id, name, gender, dob, department_id) VALUES (35, 'Priya Miller', 'Male', TO_DATE('2005-10-26', 'YYYY-MM-DD'), 107);
INSERT INTO students (s_id, name, gender, dob, department_id) VALUES (36, 'Rohan Singh', 'Female', TO_DATE('2007-12-10', 'YYYY-MM-DD'), 106);
INSERT INTO students (s_id, name, gender, dob, department_id) VALUES (37, 'Kavita Smith', 'Male', TO_DATE('2004-09-10', 'YYYY-MM-DD'), 101);
INSERT INTO students (s_id, name, gender, dob, department_id) VALUES (38, 'Amit Anderson', 'Male', TO_DATE('2007-06-17', 'YYYY-MM-DD'), 103);
INSERT INTO students (s_id, name, gender, dob, department_id) VALUES (39, 'Priya Sharma', 'Female', TO_DATE('2005-02-17', 'YYYY-MM-DD'), 103);
INSERT INTO students (s_id, name, gender, dob, department_id) VALUES (40, 'Olivia Anderson', 'Male', TO_DATE('2004-07-11', 'YYYY-MM-DD'), 103);
INSERT INTO students (s_id, name, gender, dob, department_id) VALUES (41, 'Emily Verma', 'Female', TO_DATE('2007-01-02', 'YYYY-MM-DD'), 107);
INSERT INTO students (s_id, name, gender, dob, department_id) VALUES (42, 'Anita Kumar', 'Female', TO_DATE('2005-10-01', 'YYYY-MM-DD'), 101);
INSERT INTO students (s_id, name, gender, dob, department_id) VALUES (43, 'Sophia Patel', 'Female', TO_DATE('2005-10-28', 'YYYY-MM-DD'), 103);
INSERT INTO students (s_id, name, gender, dob, department_id) VALUES (44, 'Emma Taylor', 'Male', TO_DATE('2005-04-28', 'YYYY-MM-DD'), 101);
INSERT INTO students (s_id, name, gender, dob, department_id) VALUES (45, 'David Davis', 'Female', TO_DATE('2005-01-27', 'YYYY-MM-DD'), 101);
INSERT INTO students (s_id, name, gender, dob, department_id) VALUES (46, 'Olivia Johnson', 'Female', TO_DATE('2006-01-29', 'YYYY-MM-DD'), 105);
INSERT INTO students (s_id, name, gender, dob, department_id) VALUES (47, 'Emma Anderson', 'Female', TO_DATE('2005-09-23', 'YYYY-MM-DD'), 105);
INSERT INTO students (s_id, name, gender, dob, department_id) VALUES (48, 'Isabella Smith', 'Male', TO_DATE('2005-01-05', 'YYYY-MM-DD'), 101);
INSERT INTO students (s_id, name, gender, dob, department_id) VALUES (49, 'Michael Thomas', 'Female', TO_DATE('2005-10-25', 'YYYY-MM-DD'), 105);
INSERT INTO students (s_id, name, gender, dob, department_id) VALUES (50, 'David Brown', 'Female', TO_DATE('2006-01-02', 'YYYY-MM-DD'), 108);
INSERT INTO students (s_id, name, gender, dob, department_id) VALUES (51, 'Emma Sharma', 'Female', TO_DATE('2005-11-29', 'YYYY-MM-DD'), 102);
INSERT INTO students (s_id, name, gender, dob, department_id) VALUES (52, 'Rahul Wilson', 'Female', TO_DATE('2006-10-02', 'YYYY-MM-DD'), 101);
INSERT INTO students (s_id, name, gender, dob, department_id) VALUES (53, 'Emma Reddy', 'Male', TO_DATE('2004-03-21', 'YYYY-MM-DD'), 105);
INSERT INTO students (s_id, name, gender, dob, department_id) VALUES (54, 'David Johnson', 'Male', TO_DATE('2006-02-24', 'YYYY-MM-DD'), 106);
INSERT INTO students (s_id, name, gender, dob, department_id) VALUES (55, 'James Patel', 'Female', TO_DATE('2007-05-04', 'YYYY-MM-DD'), 101);
INSERT INTO students (s_id, name, gender, dob, department_id) VALUES (56, 'Anita Wilson', 'Female', TO_DATE('2004-10-15', 'YYYY-MM-DD'), 108);
INSERT INTO students (s_id, name, gender, dob, department_id) VALUES (57, 'James Moore', 'Female', TO_DATE('2007-07-09', 'YYYY-MM-DD'), 105);
INSERT INTO students (s_id, name, gender, dob, department_id) VALUES (58, 'David Johnson', 'Female', TO_DATE('2007-05-18', 'YYYY-MM-DD'), 102);
INSERT INTO students (s_id, name, gender, dob, department_id) VALUES (59, 'Sophia Taylor', 'Female', TO_DATE('2004-02-05', 'YYYY-MM-DD'), 105);
INSERT INTO students (s_id, name, gender, dob, department_id) VALUES (60, 'Daniel Wilson', 'Female', TO_DATE('2005-06-21', 'YYYY-MM-DD'), 101);
INSERT INTO students (s_id, name, gender, dob, department_id) VALUES (61, 'Olivia Kumar', 'Female', TO_DATE('2006-12-19', 'YYYY-MM-DD'), 104);
INSERT INTO students (s_id, name, gender, dob, department_id) VALUES (62, 'Amit Kumar', 'Female', TO_DATE('2005-05-16', 'YYYY-MM-DD'), 104);
INSERT INTO students (s_id, name, gender, dob, department_id) VALUES (63, 'Priya Menon', 'Female', TO_DATE('2007-04-05', 'YYYY-MM-DD'), 101);
INSERT INTO students (s_id, name, gender, dob, department_id) VALUES (64, 'James Menon', 'Female', TO_DATE('2006-10-25', 'YYYY-MM-DD'), 102);
INSERT INTO students (s_id, name, gender, dob, department_id) VALUES (65, 'Olivia Thomas', 'Male', TO_DATE('2007-06-12', 'YYYY-MM-DD'), 106);
INSERT INTO students (s_id, name, gender, dob, department_id) VALUES (66, 'Rohan Kumar', 'Male', TO_DATE('2006-04-13', 'YYYY-MM-DD'), 105);
INSERT INTO students (s_id, name, gender, dob, department_id) VALUES (67, 'Suresh Smith', 'Male', TO_DATE('2004-09-14', 'YYYY-MM-DD'), 107);
INSERT INTO students (s_id, name, gender, dob, department_id) VALUES (68, 'Priya Singh', 'Male', TO_DATE('2005-05-20', 'YYYY-MM-DD'), 107);
INSERT INTO students (s_id, name, gender, dob, department_id) VALUES (69, 'Michael Brown', 'Male', TO_DATE('2004-02-21', 'YYYY-MM-DD'), 107);
INSERT INTO students (s_id, name, gender, dob, department_id) VALUES (70, 'Meena Miller', 'Female', TO_DATE('2006-09-25', 'YYYY-MM-DD'), 102);
INSERT INTO students (s_id, name, gender, dob, department_id) VALUES (71, 'Amit Nair', 'Female', TO_DATE('2004-02-16', 'YYYY-MM-DD'), 105);
INSERT INTO students (s_id, name, gender, dob, department_id) VALUES (72, 'Vikram Moore', 'Male', TO_DATE('2004-02-19', 'YYYY-MM-DD'), 107);
INSERT INTO students (s_id, name, gender, dob, department_id) VALUES (73, 'Michael Joshi', 'Female', TO_DATE('2004-01-02', 'YYYY-MM-DD'), 103);
INSERT INTO students (s_id, name, gender, dob, department_id) VALUES (74, 'Emily Smith', 'Female', TO_DATE('2005-08-08', 'YYYY-MM-DD'), 104);
INSERT INTO students (s_id, name, gender, dob, department_id) VALUES (75, 'Emily Davis', 'Male', TO_DATE('2005-09-28', 'YYYY-MM-DD'), 102);
INSERT INTO students (s_id, name, gender, dob, department_id) VALUES (76, 'Olivia Joshi', 'Female', TO_DATE('2007-06-12', 'YYYY-MM-DD'), 104);
INSERT INTO students (s_id, name, gender, dob, department_id) VALUES (77, 'Meena Nair', 'Female', TO_DATE('2004-10-21', 'YYYY-MM-DD'), 104);
INSERT INTO students (s_id, name, gender, dob, department_id) VALUES (78, 'Rahul Patel', 'Male', TO_DATE('2006-01-12', 'YYYY-MM-DD'), 101);
INSERT INTO students (s_id, name, gender, dob, department_id) VALUES (79, 'Rohan Nair', 'Male', TO_DATE('2004-11-20', 'YYYY-MM-DD'), 104);
INSERT INTO students (s_id, name, gender, dob, department_id) VALUES (80, 'Vikram Nair', 'Female', TO_DATE('2006-06-07', 'YYYY-MM-DD'), 106);
INSERT INTO students (s_id, name, gender, dob, department_id) VALUES (81, 'David Joshi', 'Female', TO_DATE('2007-11-05', 'YYYY-MM-DD'), 107);
INSERT INTO students (s_id, name, gender, dob, department_id) VALUES (82, 'Michael Menon', 'Male', TO_DATE('2006-12-13', 'YYYY-MM-DD'), 105);
INSERT INTO students (s_id, name, gender, dob, department_id) VALUES (83, 'Olivia Menon', 'Male', TO_DATE('2007-03-03', 'YYYY-MM-DD'), 105);
INSERT INTO students (s_id, name, gender, dob, department_id) VALUES (84, 'Isabella Kumar', 'Male', TO_DATE('2005-10-07', 'YYYY-MM-DD'), 107);
INSERT INTO students (s_id, name, gender, dob, department_id) VALUES (85, 'Michael Davis', 'Female', TO_DATE('2007-06-09', 'YYYY-MM-DD'), 102);
INSERT INTO students (s_id, name, gender, dob, department_id) VALUES (86, 'Suresh Johnson', 'Male', TO_DATE('2006-10-05', 'YYYY-MM-DD'), 104);
INSERT INTO students (s_id, name, gender, dob, department_id) VALUES (87, 'Rahul Nair', 'Female', TO_DATE('2005-07-22', 'YYYY-MM-DD'), 104);
INSERT INTO students (s_id, name, gender, dob, department_id) VALUES (88, 'Olivia Anderson', 'Female', TO_DATE('2007-07-31', 'YYYY-MM-DD'), 103);
INSERT INTO students (s_id, name, gender, dob, department_id) VALUES (89, 'Isabella Anderson', 'Female', TO_DATE('2004-10-22', 'YYYY-MM-DD'), 108);
INSERT INTO students (s_id, name, gender, dob, department_id) VALUES (90, 'Michael Miller', 'Male', TO_DATE('2005-09-01', 'YYYY-MM-DD'), 103);
INSERT INTO students (s_id, name, gender, dob, department_id) VALUES (91, 'Suresh Miller', 'Female', TO_DATE('2006-04-17', 'YYYY-MM-DD'), 107);
INSERT INTO students (s_id, name, gender, dob, department_id) VALUES (92, 'Kavita Wilson', 'Male', TO_DATE('2006-04-03', 'YYYY-MM-DD'), 108);
INSERT INTO students (s_id, name, gender, dob, department_id) VALUES (93, 'Sophia Sharma', 'Male', TO_DATE('2004-07-30', 'YYYY-MM-DD'), 106);
INSERT INTO students (s_id, name, gender, dob, department_id) VALUES (94, 'Emily Iyer', 'Female', TO_DATE('2006-03-06', 'YYYY-MM-DD'), 105);
INSERT INTO students (s_id, name, gender, dob, department_id) VALUES (95, 'Emily Anderson', 'Female', TO_DATE('2004-06-20', 'YYYY-MM-DD'), 104);
INSERT INTO students (s_id, name, gender, dob, department_id) VALUES (96, 'Amit Patel', 'Male', TO_DATE('2006-11-23', 'YYYY-MM-DD'), 104);
INSERT INTO students (s_id, name, gender, dob, department_id) VALUES (97, 'Olivia Wilson', 'Female', TO_DATE('2004-09-29', 'YYYY-MM-DD'), 106);
INSERT INTO students (s_id, name, gender, dob, department_id) VALUES (98, 'Emma Thomas', 'Male', TO_DATE('2006-08-18', 'YYYY-MM-DD'), 107);
INSERT INTO students (s_id, name, gender, dob, department_id) VALUES (99, 'Emma Anderson', 'Male', TO_DATE('2005-01-22', 'YYYY-MM-DD'), 103);
INSERT INTO students (s_id, name, gender, dob, department_id) VALUES (100, 'Kavita Nair', 'Female', TO_DATE('2004-06-25', 'YYYY-MM-DD'), 102);
INSERT INTO students (s_id, name, gender, dob, department_id) VALUES (101, 'Priya Moore', 'Female', TO_DATE('2005-12-20', 'YYYY-MM-DD'), 103);
INSERT INTO students (s_id, name, gender, dob, department_id) VALUES (102, 'Priya Wilson', 'Female', TO_DATE('2007-12-08', 'YYYY-MM-DD'), 102);
INSERT INTO students (s_id, name, gender, dob, department_id) VALUES (103, 'Daniel Johnson', 'Female', TO_DATE('2005-05-23', 'YYYY-MM-DD'), 105);
INSERT INTO students (s_id, name, gender, dob, department_id) VALUES (104, 'James Patel', 'Male', TO_DATE('2005-03-09', 'YYYY-MM-DD'), 103);
INSERT INTO students (s_id, name, gender, dob, department_id) VALUES (105, 'Suresh Sharma', 'Male', TO_DATE('2004-04-23', 'YYYY-MM-DD'), 102);
INSERT INTO students (s_id, name, gender, dob, department_id) VALUES (106, 'Isabella Verma', 'Female', TO_DATE('2007-05-18', 'YYYY-MM-DD'), 107);
INSERT INTO students (s_id, name, gender, dob, department_id) VALUES (107, 'Sneha Reddy', 'Female', TO_DATE('2006-11-29', 'YYYY-MM-DD'), 101);
INSERT INTO students (s_id, name, gender, dob, department_id) VALUES (108, 'Daniel Joshi', 'Female', TO_DATE('2004-04-11', 'YYYY-MM-DD'), 103);
INSERT INTO students (s_id, name, gender, dob, department_id) VALUES (109, 'Olivia Moore', 'Female', TO_DATE('2004-08-02', 'YYYY-MM-DD'), 107);
INSERT INTO students (s_id, name, gender, dob, department_id) VALUES (110, 'Sophia Iyer', 'Male', TO_DATE('2005-10-11', 'YYYY-MM-DD'), 106);
INSERT INTO students (s_id, name, gender, dob, department_id) VALUES (111, 'Rohan Menon', 'Male', TO_DATE('2004-02-24', 'YYYY-MM-DD'), 103);
INSERT INTO students (s_id, name, gender, dob, department_id) VALUES (112, 'Emily Verma', 'Male', TO_DATE('2004-09-27', 'YYYY-MM-DD'), 104);
INSERT INTO students (s_id, name, gender, dob, department_id) VALUES (113, 'Amit Joshi', 'Male', TO_DATE('2005-12-15', 'YYYY-MM-DD'), 108);
INSERT INTO students (s_id, name, gender, dob, department_id) VALUES (114, 'Anita Taylor', 'Male', TO_DATE('2007-05-31', 'YYYY-MM-DD'), 103);
INSERT INTO students (s_id, name, gender, dob, department_id) VALUES (115, 'Suresh Taylor', 'Female', TO_DATE('2006-05-18', 'YYYY-MM-DD'), 103);
INSERT INTO students (s_id, name, gender, dob, department_id) VALUES (116, 'Rohan Thomas', 'Male', TO_DATE('2006-06-24', 'YYYY-MM-DD'), 105);
INSERT INTO students (s_id, name, gender, dob, department_id) VALUES (117, 'Olivia Nair', 'Male', TO_DATE('2004-07-28', 'YYYY-MM-DD'), 107);
INSERT INTO students (s_id, name, gender, dob, department_id) VALUES (118, 'Amit Reddy', 'Male', TO_DATE('2004-01-10', 'YYYY-MM-DD'), 107);
INSERT INTO students (s_id, name, gender, dob, department_id) VALUES (119, 'Isabella Verma', 'Female', TO_DATE('2004-04-23', 'YYYY-MM-DD'), 106);
INSERT INTO students (s_id, name, gender, dob, department_id) VALUES (120, 'Emma Kumar', 'Male', TO_DATE('2007-04-11', 'YYYY-MM-DD'), 103);
INSERT INTO students (s_id, name, gender, dob, department_id) VALUES (121, 'Vikram Anderson', 'Male', TO_DATE('2005-05-31', 'YYYY-MM-DD'), 108);
INSERT INTO students (s_id, name, gender, dob, department_id) VALUES (122, 'Vikram Thomas', 'Male', TO_DATE('2006-12-16', 'YYYY-MM-DD'), 103);
INSERT INTO students (s_id, name, gender, dob, department_id) VALUES (123, 'John Singh', 'Male', TO_DATE('2007-08-01', 'YYYY-MM-DD'), 101);
INSERT INTO students (s_id, name, gender, dob, department_id) VALUES (124, 'Emma Reddy', 'Female', TO_DATE('2005-05-24', 'YYYY-MM-DD'), 107);
INSERT INTO students (s_id, name, gender, dob, department_id) VALUES (125, 'Isabella Anderson', 'Male', TO_DATE('2005-01-23', 'YYYY-MM-DD'), 105);
INSERT INTO students (s_id, name, gender, dob, department_id) VALUES (126, 'Meena Anderson', 'Female', TO_DATE('2004-04-29', 'YYYY-MM-DD'), 105);
INSERT INTO students (s_id, name, gender, dob, department_id) VALUES (127, 'Rahul Verma', 'Male', TO_DATE('2006-11-13', 'YYYY-MM-DD'), 103);
INSERT INTO students (s_id, name, gender, dob, department_id) VALUES (128, 'Anita Menon', 'Male', TO_DATE('2004-07-18', 'YYYY-MM-DD'), 103);
INSERT INTO students (s_id, name, gender, dob, department_id) VALUES (129, 'Emily Miller', 'Male', TO_DATE('2004-03-04', 'YYYY-MM-DD'), 107);
INSERT INTO students (s_id, name, gender, dob, department_id) VALUES (130, 'Emma Iyer', 'Male', TO_DATE('2005-05-02', 'YYYY-MM-DD'), 106);
INSERT INTO students (s_id, name, gender, dob, department_id) VALUES (131, 'James Nair', 'Female', TO_DATE('2005-02-06', 'YYYY-MM-DD'), 106);
INSERT INTO students (s_id, name, gender, dob, department_id) VALUES (132, 'Anita Thomas', 'Female', TO_DATE('2006-03-21', 'YYYY-MM-DD'), 101);
INSERT INTO students (s_id, name, gender, dob, department_id) VALUES (133, 'Kavita Singh', 'Male', TO_DATE('2005-02-16', 'YYYY-MM-DD'), 106);
INSERT INTO students (s_id, name, gender, dob, department_id) VALUES (134, 'Rohan Moore', 'Male', TO_DATE('2006-01-28', 'YYYY-MM-DD'), 106);
INSERT INTO students (s_id, name, gender, dob, department_id) VALUES (135, 'David Menon', 'Female', TO_DATE('2004-09-18', 'YYYY-MM-DD'), 108);
INSERT INTO students (s_id, name, gender, dob, department_id) VALUES (136, 'Emily Verma', 'Male', TO_DATE('2006-01-27', 'YYYY-MM-DD'), 103);
INSERT INTO students (s_id, name, gender, dob, department_id) VALUES (137, 'Kavita Anderson', 'Female', TO_DATE('2006-05-27', 'YYYY-MM-DD'), 106);
INSERT INTO students (s_id, name, gender, dob, department_id) VALUES (138, 'Daniel Taylor', 'Male', TO_DATE('2007-03-14', 'YYYY-MM-DD'), 101);
INSERT INTO students (s_id, name, gender, dob, department_id) VALUES (139, 'Sophia Kumar', 'Male', TO_DATE('2005-04-20', 'YYYY-MM-DD'), 103);
INSERT INTO students (s_id, name, gender, dob, department_id) VALUES (140, 'Rahul Taylor', 'Male', TO_DATE('2007-04-18', 'YYYY-MM-DD'), 101);
INSERT INTO students (s_id, name, gender, dob, department_id) VALUES (141, 'Vikram Brown', 'Female', TO_DATE('2004-07-14', 'YYYY-MM-DD'), 101);
INSERT INTO students (s_id, name, gender, dob, department_id) VALUES (142, 'Amit Nair', 'Female', TO_DATE('2007-12-20', 'YYYY-MM-DD'), 105);
INSERT INTO students (s_id, name, gender, dob, department_id) VALUES (143, 'Vikram Reddy', 'Male', TO_DATE('2007-06-15', 'YYYY-MM-DD'), 102);
INSERT INTO students (s_id, name, gender, dob, department_id) VALUES (144, 'Isabella Anderson', 'Female', TO_DATE('2007-10-11', 'YYYY-MM-DD'), 106);
INSERT INTO students (s_id, name, gender, dob, department_id) VALUES (145, 'Meena Kumar', 'Female', TO_DATE('2006-11-27', 'YYYY-MM-DD'), 101);
INSERT INTO students (s_id, name, gender, dob, department_id) VALUES (146, 'Vikram Nair', 'Female', TO_DATE('2005-12-01', 'YYYY-MM-DD'), 105);
INSERT INTO students (s_id, name, gender, dob, department_id) VALUES (147, 'Daniel Thomas', 'Male', TO_DATE('2006-07-21', 'YYYY-MM-DD'), 105);
INSERT INTO students (s_id, name, gender, dob, department_id) VALUES (148, 'Kavita Miller', 'Female', TO_DATE('2006-09-09', 'YYYY-MM-DD'), 107);
INSERT INTO students (s_id, name, gender, dob, department_id) VALUES (149, 'Emma Sharma', 'Female', TO_DATE('2006-12-17', 'YYYY-MM-DD'), 106);
INSERT INTO students (s_id, name, gender, dob, department_id) VALUES (150, 'Anita Davis', 'Male', TO_DATE('2006-12-12', 'YYYY-MM-DD'), 105);



INSERT INTO faculty (f_id, f_name, gender, salary, dob, doj, department_id) VALUES (1, 'Anita Sharma', 'Male', 111206, TO_DATE('1981-02-14','YYYY-MM-DD'), TO_DATE('2017-08-19','YYYY-MM-DD'), 101);
INSERT INTO faculty (f_id, f_name, gender, salary, dob, doj, department_id) VALUES (2, 'Rajesh Kumar', 'Male', 118084, TO_DATE('1966-01-06','YYYY-MM-DD'), TO_DATE('2004-02-18','YYYY-MM-DD'), 102);
INSERT INTO faculty (f_id, f_name, gender, salary, dob, doj, department_id) VALUES (3, 'Meena Reddy', 'Male', 61947, TO_DATE('1973-06-28','YYYY-MM-DD'), TO_DATE('2018-03-22','YYYY-MM-DD'), 103);
INSERT INTO faculty (f_id, f_name, gender, salary, dob, doj, department_id) VALUES (4, 'Arun Nair', 'Female', 55024, TO_DATE('1968-03-16','YYYY-MM-DD'), TO_DATE('2005-11-27','YYYY-MM-DD'), 104);
INSERT INTO faculty (f_id, f_name, gender, salary, dob, doj, department_id) VALUES (5, 'Sunil Menon', 'Female', 114784, TO_DATE('1987-03-06','YYYY-MM-DD'), TO_DATE('2014-05-29','YYYY-MM-DD'), 105);
INSERT INTO faculty (f_id, f_name, gender, salary, dob, doj, department_id) VALUES (6, 'Kavita Iyer', 'Female', 79543, TO_DATE('1993-11-21','YYYY-MM-DD'), TO_DATE('2017-02-21','YYYY-MM-DD'), 106);
INSERT INTO faculty (f_id, f_name, gender, salary, dob, doj, department_id) VALUES (7, 'Vikram Patil', 'Male', 50239, TO_DATE('1979-08-13','YYYY-MM-DD'), TO_DATE('2019-01-29','YYYY-MM-DD'), 107);
INSERT INTO faculty (f_id, f_name, gender, salary, dob, doj, department_id) VALUES (8, 'Pradeep Joshi', 'Female', 104197, TO_DATE('1969-03-26','YYYY-MM-DD'), TO_DATE('2003-03-06','YYYY-MM-DD'), 108);
INSERT INTO faculty (f_id, f_name, gender, salary, dob, doj, department_id) VALUES (9, 'Rohit Sharma', 'Male', 46992, TO_DATE('1972-01-01','YYYY-MM-DD'), TO_DATE('2004-01-18','YYYY-MM-DD'), 101);
INSERT INTO faculty (f_id, f_name, gender, salary, dob, doj, department_id) VALUES (10, 'Priya Verma', 'Female', 61864, TO_DATE('1990-12-23','YYYY-MM-DD'), TO_DATE('2021-08-07','YYYY-MM-DD'), 104);
INSERT INTO faculty (f_id, f_name, gender, salary, dob, doj, department_id) VALUES (11, 'Sanjay Patel', 'Female', 35820, TO_DATE('1990-12-25','YYYY-MM-DD'), TO_DATE('2021-03-26','YYYY-MM-DD'), 108);
INSERT INTO faculty (f_id, f_name, gender, salary, dob, doj, department_id) VALUES (12, 'Deepa Iyer', 'Male', 69148, TO_DATE('1977-07-23','YYYY-MM-DD'), TO_DATE('2021-06-20','YYYY-MM-DD'), 101);
INSERT INTO faculty (f_id, f_name, gender, salary, dob, doj, department_id) VALUES (13, 'Nikhil Reddy', 'Male', 91461, TO_DATE('1978-05-04','YYYY-MM-DD'), TO_DATE('2004-11-11','YYYY-MM-DD'), 105);
INSERT INTO faculty (f_id, f_name, gender, salary, dob, doj, department_id) VALUES (14, 'Anjali Menon', 'Female', 44181, TO_DATE('1986-09-08','YYYY-MM-DD'), TO_DATE('2013-11-18','YYYY-MM-DD'), 106);
INSERT INTO faculty (f_id, f_name, gender, salary, dob, doj, department_id) VALUES (15, 'Joseph Verma', 'Male', 73739, TO_DATE('1990-03-26','YYYY-MM-DD'), TO_DATE('2016-02-15','YYYY-MM-DD'), 101);
INSERT INTO faculty (f_id, f_name, gender, salary, dob, doj, department_id) VALUES (16, 'Sneha Thomas', 'Male', 105966, TO_DATE('1974-01-01','YYYY-MM-DD'), TO_DATE('2004-01-18','YYYY-MM-DD'), 104);
INSERT INTO faculty (f_id, f_name, gender, salary, dob, doj, department_id) VALUES (17, 'Matthew Davis', 'Female', 39205, TO_DATE('1975-12-23','YYYY-MM-DD'), TO_DATE('2021-08-07','YYYY-MM-DD'), 105);
INSERT INTO faculty (f_id, f_name, gender, salary, dob, doj, department_id) VALUES (18, 'Pooja Chauhan', 'Female', 115043, TO_DATE('1983-12-25','YYYY-MM-DD'), TO_DATE('2021-03-26','YYYY-MM-DD'), 108);
INSERT INTO faculty (f_id, f_name, gender, salary, dob, doj, department_id) VALUES (19, 'Amit Khanna', 'Female', 109302, TO_DATE('1972-07-23','YYYY-MM-DD'), TO_DATE('2021-06-20','YYYY-MM-DD'), 101);
INSERT INTO faculty (f_id, f_name, gender, salary, dob, doj, department_id) VALUES (20, 'Lakshmi Ritu', 'Male', 78112, TO_DATE('1975-02-26','YYYY-MM-DD'), TO_DATE('2010-06-19','YYYY-MM-DD'), 102);
INSERT INTO faculty (f_id, f_name, gender, salary, dob, doj, department_id) VALUES (21, 'Arvind Sharma', 'Male', 95336, TO_DATE('1986-09-08','YYYY-MM-DD'), TO_DATE('2013-11-18','YYYY-MM-DD'), 105);
INSERT INTO faculty (f_id, f_name, gender, salary, dob, doj, department_id) VALUES (22, 'Sophia Kumar', 'Female', 91111, TO_DATE('1969-03-26','YYYY-MM-DD'), TO_DATE('2003-03-06','YYYY-MM-DD'), 106);
INSERT INTO faculty (f_id, f_name, gender, salary, dob, doj, department_id) VALUES (23, 'Harish Menon', 'Male', 115491, TO_DATE('1974-02-14','YYYY-MM-DD'), TO_DATE('2017-08-19','YYYY-MM-DD'), 101);
INSERT INTO faculty (f_id, f_name, gender, salary, dob, doj, department_id) VALUES (24, 'Geeta Patel', 'Male', 71706, TO_DATE('1968-10-06','YYYY-MM-DD'), TO_DATE('2004-02-18','YYYY-MM-DD'), 102);
INSERT INTO faculty (f_id, f_name, gender, salary, dob, doj, department_id) VALUES (25, 'Ramesh Bhat', 'Male', 41365, TO_DATE('1973-06-28','YYYY-MM-DD'), TO_DATE('2018-03-22','YYYY-MM-DD'), 103);
INSERT INTO faculty (f_id, f_name, gender, salary, dob, doj, department_id) VALUES (26, 'Neha Kapoor', 'Female', 84408, TO_DATE('1971-03-16','YYYY-MM-DD'), TO_DATE('2005-11-27','YYYY-MM-DD'), 104);
INSERT INTO faculty (f_id, f_name, gender, salary, dob, doj, department_id) VALUES (27, 'Manoj Thomas', 'Male', 80321, TO_DATE('1978-03-06','YYYY-MM-DD'), TO_DATE('2014-05-29','YYYY-MM-DD'), 105);
INSERT INTO faculty (f_id, f_name, gender, salary, dob, doj, department_id) VALUES (28, 'Elizabeth Johnson', 'Female', 110245, TO_DATE('1990-11-21','YYYY-MM-DD'), TO_DATE('2017-02-21','YYYY-MM-DD'), 106);
INSERT INTO faculty (f_id, f_name, gender, salary, dob, doj, department_id) VALUES (29, 'Kiran Khanna', 'Female', 81601, TO_DATE('1977-08-13','YYYY-MM-DD'), TO_DATE('2019-01-29','YYYY-MM-DD'), 107);
INSERT INTO faculty (f_id, f_name, gender, salary, dob, doj, department_id) VALUES (30, 'Suresh Verma', 'Male', 116449, TO_DATE('1978-03-26','YYYY-MM-DD'), TO_DATE('2003-03-06','YYYY-MM-DD'), 108);
INSERT INTO faculty (f_id, f_name, gender, salary, dob, doj, department_id) VALUES (31, 'Divya Menon', 'Female', 103092, TO_DATE('1967-05-18','YYYY-MM-DD'), TO_DATE('2004-01-18','YYYY-MM-DD'), 101);
INSERT INTO faculty (f_id, f_name, gender, salary, dob, doj, department_id) VALUES (32, 'Christopher Brown', 'Female', 100538, TO_DATE('1978-12-23','YYYY-MM-DD'), TO_DATE('2021-08-07','YYYY-MM-DD'), 104);
INSERT INTO faculty (f_id, f_name, gender, salary, dob, doj, department_id) VALUES (33, 'Ajay Sharma', 'Male', 115196, TO_DATE('1967-12-25','YYYY-MM-DD'), TO_DATE('2021-03-26','YYYY-MM-DD'), 108);
INSERT INTO faculty (f_id, f_name, gender, salary, dob, doj, department_id) VALUES (34, 'Ritu Johnson', 'Male', 103745, TO_DATE('1976-07-23','YYYY-MM-DD'), TO_DATE('2021-06-20','YYYY-MM-DD'), 101);
INSERT INTO faculty (f_id, f_name, gender, salary, dob, doj, department_id) VALUES (35, 'Sameer Kapoor', 'Male', 118751, TO_DATE('1972-07-28','YYYY-MM-DD'), TO_DATE('2004-11-11','YYYY-MM-DD'), 105);
INSERT INTO faculty (f_id, f_name, gender, salary, dob, doj, department_id) VALUES (36, 'Rekha Chauhan', 'Female', 90381, TO_DATE('1973-03-26','YYYY-MM-DD'), TO_DATE('2016-02-15','YYYY-MM-DD'), 102);
INSERT INTO faculty (f_id, f_name, gender, salary, dob, doj, department_id) VALUES (37, 'Vivek Khanna', 'Male', 73350, TO_DATE('1984-06-15','YYYY-MM-DD'), TO_DATE('2008-04-14','YYYY-MM-DD'), 106);
INSERT INTO faculty (f_id, f_name, gender, salary, dob, doj, department_id) VALUES (38, 'Alok Mishra', 'Female', 117626, TO_DATE('1974-04-12','YYYY-MM-DD'), TO_DATE('2011-09-09','YYYY-MM-DD'), 104);
INSERT INTO faculty (f_id, f_name, gender, salary, dob, doj, department_id) VALUES (39, 'Shalini Gupta', 'Female', 98086, TO_DATE('1966-04-06','YYYY-MM-DD'), TO_DATE('2006-11-29','YYYY-MM-DD'), 106);
INSERT INTO faculty (f_id, f_name, gender, salary, dob, doj, department_id) VALUES (40, 'Rakesh Thomas', 'Male', 93136, TO_DATE('1977-03-16','YYYY-MM-DD'), TO_DATE('2005-11-27','YYYY-MM-DD'), 101);
INSERT INTO faculty (f_id, f_name, gender, salary, dob, doj, department_id) VALUES (41, 'Kunal Khanna', 'Male', 45605, TO_DATE('1990-01-18','YYYY-MM-DD'), TO_DATE('2021-08-07','YYYY-MM-DD'), 108);
INSERT INTO faculty (f_id, f_name, gender, salary, dob, doj, department_id) VALUES (42, 'Aisha Sharma', 'Female', 114826, TO_DATE('1971-09-07','YYYY-MM-DD'), TO_DATE('2011-02-02','YYYY-MM-DD'), 105);


INSERT INTO courses (c_id, c_name, price, duration) VALUES (201, 'Data Structures', 14200, 260);
INSERT INTO courses (c_id, c_name, price, duration) VALUES (202, 'Operating Systems', 11800, 230);
INSERT INTO courses (c_id, c_name, price, duration) VALUES (203, 'Database Management Systems', 17800, 290);
INSERT INTO courses (c_id, c_name, price, duration) VALUES (204, 'Computer Networks', 9600, 180);
INSERT INTO courses (c_id, c_name, price, duration) VALUES (205, 'Software Engineering', 15200, 270);
INSERT INTO courses (c_id, c_name, price, duration) VALUES (206, 'Machine Learning', 19800, 300);
INSERT INTO courses (c_id, c_name, price, duration) VALUES (207, 'Artificial Intelligence', 18500, 285);
INSERT INTO courses (c_id, c_name, price, duration) VALUES (208, 'Digital Electronics', 8800, 165);
INSERT INTO courses (c_id, c_name, price, duration) VALUES (209, 'Signals and Systems', 11200, 210);
INSERT INTO courses (c_id, c_name, price, duration) VALUES (210, 'Circuit Theory', 13400, 240);
INSERT INTO courses (c_id, c_name, price, duration) VALUES (211, 'Microprocessors and Microcontrollers', 17400, 280);
INSERT INTO courses (c_id, c_name, price, duration) VALUES (212, 'Thermodynamics', 9700, 185);
INSERT INTO courses (c_id, c_name, price, duration) VALUES (213, 'Fluid Mechanics', 10800, 200);
INSERT INTO courses (c_id, c_name, price, duration) VALUES (214, 'Strength of Materials', 12500, 220);
INSERT INTO courses (c_id, c_name, price, duration) VALUES (215, 'IoT Systems', 16200, 275);
INSERT INTO courses (c_id, c_name, price, duration) VALUES (216, 'Data Science Foundations', 19100, 295);
INSERT INTO courses (c_id, c_name, price, duration) VALUES (217, 'Cloud Computing', 14900, 250);


INSERT INTO enrollments (student_id, course_id, enrolment_date) VALUES (98, 217, TO_DATE('2025-03-12','YYYY-MM-DD'));
INSERT INTO enrollments (student_id, course_id, enrolment_date) VALUES (62, 201, TO_DATE('2024-03-31','YYYY-MM-DD'));
INSERT INTO enrollments (student_id, course_id, enrolment_date) VALUES (27, 201, TO_DATE('2023-03-10','YYYY-MM-DD'));
INSERT INTO enrollments (student_id, course_id, enrolment_date) VALUES (99, 201, TO_DATE('2022-04-11','YYYY-MM-DD'));
INSERT INTO enrollments (student_id, course_id, enrolment_date) VALUES (9, 209, TO_DATE('2022-05-17','YYYY-MM-DD'));
INSERT INTO enrollments (student_id, course_id, enrolment_date) VALUES (52, 215, TO_DATE('2022-02-24','YYYY-MM-DD'));
INSERT INTO enrollments (student_id, course_id, enrolment_date) VALUES (61, 217, TO_DATE('2025-08-01','YYYY-MM-DD'));
INSERT INTO enrollments (student_id, course_id, enrolment_date) VALUES (104, 217, TO_DATE('2023-12-27','YYYY-MM-DD'));
INSERT INTO enrollments (student_id, course_id, enrolment_date) VALUES (137, 217, TO_DATE('2025-05-04','YYYY-MM-DD'));
INSERT INTO enrollments (student_id, course_id, enrolment_date) VALUES (30, 209, TO_DATE('2023-03-03','YYYY-MM-DD'));
INSERT INTO enrollments (student_id, course_id, enrolment_date) VALUES (33, 206, TO_DATE('2022-03-08','YYYY-MM-DD'));
INSERT INTO enrollments (student_id, course_id, enrolment_date) VALUES (31, 215, TO_DATE('2025-02-05','YYYY-MM-DD'));
INSERT INTO enrollments (student_id, course_id, enrolment_date) VALUES (97, 201, TO_DATE('2025-04-15','YYYY-MM-DD'));
INSERT INTO enrollments (student_id, course_id, enrolment_date) VALUES (120, 215, TO_DATE('2024-06-25','YYYY-MM-DD'));
INSERT INTO enrollments (student_id, course_id, enrolment_date) VALUES (48, 215, TO_DATE('2023-10-26','YYYY-MM-DD'));
INSERT INTO enrollments (student_id, course_id, enrolment_date) VALUES (139, 207, TO_DATE('2024-07-23','YYYY-MM-DD'));
INSERT INTO enrollments (student_id, course_id, enrolment_date) VALUES (105, 213, TO_DATE('2025-02-26','YYYY-MM-DD'));
INSERT INTO enrollments (student_id, course_id, enrolment_date) VALUES (113, 212, TO_DATE('2025-04-17','YYYY-MM-DD'));
INSERT INTO enrollments (student_id, course_id, enrolment_date) VALUES (9, 214, TO_DATE('2025-06-06','YYYY-MM-DD'));
INSERT INTO enrollments (student_id, course_id, enrolment_date) VALUES (65, 206, TO_DATE('2025-01-19','YYYY-MM-DD'));
INSERT INTO enrollments (student_id, course_id, enrolment_date) VALUES (139, 210, TO_DATE('2022-11-26','YYYY-MM-DD'));
INSERT INTO enrollments (student_id, course_id, enrolment_date) VALUES (74, 217, TO_DATE('2023-08-26','YYYY-MM-DD'));
INSERT INTO enrollments (student_id, course_id, enrolment_date) VALUES (95, 201, TO_DATE('2022-10-28','YYYY-MM-DD'));
INSERT INTO enrollments (student_id, course_id, enrolment_date) VALUES (73, 209, TO_DATE('2025-03-01','YYYY-MM-DD'));
INSERT INTO enrollments (student_id, course_id, enrolment_date) VALUES (39, 201, TO_DATE('2025-07-01','YYYY-MM-DD'));
INSERT INTO enrollments (student_id, course_id, enrolment_date) VALUES (144, 215, TO_DATE('2025-01-09','YYYY-MM-DD'));
INSERT INTO enrollments (student_id, course_id, enrolment_date) VALUES (145, 210, TO_DATE('2024-10-25','YYYY-MM-DD'));
INSERT INTO enrollments (student_id, course_id, enrolment_date) VALUES (101, 215, TO_DATE('2024-11-18','YYYY-MM-DD'));
INSERT INTO enrollments (student_id, course_id, enrolment_date) VALUES (66, 206, TO_DATE('2022-02-20','YYYY-MM-DD'));
INSERT INTO enrollments (student_id, course_id, enrolment_date) VALUES (132, 217, TO_DATE('2024-04-15','YYYY-MM-DD'));
INSERT INTO enrollments (student_id, course_id, enrolment_date) VALUES (10, 205, TO_DATE('2023-02-24','YYYY-MM-DD'));
INSERT INTO enrollments (student_id, course_id, enrolment_date) VALUES (57, 202, TO_DATE('2024-06-27','YYYY-MM-DD'));
INSERT INTO enrollments (student_id, course_id, enrolment_date) VALUES (150, 217, TO_DATE('2022-11-06','YYYY-MM-DD'));
INSERT INTO enrollments (student_id, course_id, enrolment_date) VALUES (69, 208, TO_DATE('2022-07-13','YYYY-MM-DD'));
INSERT INTO enrollments (student_id, course_id, enrolment_date) VALUES (114, 204, TO_DATE('2022-10-19','YYYY-MM-DD'));
INSERT INTO enrollments (student_id, course_id, enrolment_date) VALUES (47, 215, TO_DATE('2023-05-04','YYYY-MM-DD'));
INSERT INTO enrollments (student_id, course_id, enrolment_date) VALUES (83, 206, TO_DATE('2022-10-07','YYYY-MM-DD'));
INSERT INTO enrollments (student_id, course_id, enrolment_date) VALUES (84, 214, TO_DATE('2022-11-05','YYYY-MM-DD'));
INSERT INTO enrollments (student_id, course_id, enrolment_date) VALUES (61, 211, TO_DATE('2024-07-12','YYYY-MM-DD'));
INSERT INTO enrollments (student_id, course_id, enrolment_date) VALUES (50, 201, TO_DATE('2024-11-10','YYYY-MM-DD'));
INSERT INTO enrollments (student_id, course_id, enrolment_date) VALUES (41, 206, TO_DATE('2024-05-07','YYYY-MM-DD'));
INSERT INTO enrollments (student_id, course_id, enrolment_date) VALUES (83, 215, TO_DATE('2025-04-20','YYYY-MM-DD'));
INSERT INTO enrollments (student_id, course_id, enrolment_date) VALUES (146, 205, TO_DATE('2023-12-24','YYYY-MM-DD'));
INSERT INTO enrollments (student_id, course_id, enrolment_date) VALUES (135, 206, TO_DATE('2024-11-25','YYYY-MM-DD'));
INSERT INTO enrollments (student_id, course_id, enrolment_date) VALUES (124, 206, TO_DATE('2022-05-17','YYYY-MM-DD'));
INSERT INTO enrollments (student_id, course_id, enrolment_date) VALUES (40, 206, TO_DATE('2024-11-04','YYYY-MM-DD'));
INSERT INTO enrollments (student_id, course_id, enrolment_date) VALUES (119, 211, TO_DATE('2025-06-24','YYYY-MM-DD'));
INSERT INTO enrollments (student_id, course_id, enrolment_date) VALUES (109, 206, TO_DATE('2022-08-30','YYYY-MM-DD'));
INSERT INTO enrollments (student_id, course_id, enrolment_date) VALUES (66, 217, TO_DATE('2025-05-18','YYYY-MM-DD'));
INSERT INTO enrollments (student_id, course_id, enrolment_date) VALUES (31, 206, TO_DATE('2022-10-30','YYYY-MM-DD'));
INSERT INTO enrollments (student_id, course_id, enrolment_date) VALUES (129, 212, TO_DATE('2024-11-18','YYYY-MM-DD'));
INSERT INTO enrollments (student_id, course_id, enrolment_date) VALUES (20, 201, TO_DATE('2023-06-22','YYYY-MM-DD'));
INSERT INTO enrollments (student_id, course_id, enrolment_date) VALUES (92, 215, TO_DATE('2025-06-11','YYYY-MM-DD'));
INSERT INTO enrollments (student_id, course_id, enrolment_date) VALUES (17, 215, TO_DATE('2022-01-15','YYYY-MM-DD'));
INSERT INTO enrollments (student_id, course_id, enrolment_date) VALUES (33, 215, TO_DATE('2025-04-26','YYYY-MM-DD'));
INSERT INTO enrollments (student_id, course_id, enrolment_date) VALUES (89, 214, TO_DATE('2023-04-07','YYYY-MM-DD'));
INSERT INTO enrollments (student_id, course_id, enrolment_date) VALUES (70, 211, TO_DATE('2023-01-30','YYYY-MM-DD'));
INSERT INTO enrollments (student_id, course_id, enrolment_date) VALUES (15, 212, TO_DATE('2025-02-14','YYYY-MM-DD'));
INSERT INTO enrollments (student_id, course_id, enrolment_date) VALUES (113, 213, TO_DATE('2023-08-05','YYYY-MM-DD'));
INSERT INTO enrollments (student_id, course_id, enrolment_date) VALUES (147, 206, TO_DATE('2023-10-14','YYYY-MM-DD'));
INSERT INTO enrollments (student_id, course_id, enrolment_date) VALUES (53, 217, TO_DATE('2024-07-28','YYYY-MM-DD'));
INSERT INTO enrollments (student_id, course_id, enrolment_date) VALUES (15, 206, TO_DATE('2024-12-24','YYYY-MM-DD'));
INSERT INTO enrollments (student_id, course_id, enrolment_date) VALUES (122, 209, TO_DATE('2025-07-13','YYYY-MM-DD'));
INSERT INTO enrollments (student_id, course_id, enrolment_date) VALUES (27, 215, TO_DATE('2024-03-11','YYYY-MM-DD'));
INSERT INTO enrollments (student_id, course_id, enrolment_date) VALUES (105, 217, TO_DATE('2024-05-05','YYYY-MM-DD'));
INSERT INTO enrollments (student_id, course_id, enrolment_date) VALUES (14, 217, TO_DATE('2023-08-13','YYYY-MM-DD'));
INSERT INTO enrollments (student_id, course_id, enrolment_date) VALUES (24, 215, TO_DATE('2024-12-10','YYYY-MM-DD'));
INSERT INTO enrollments (student_id, course_id, enrolment_date) VALUES (112, 208, TO_DATE('2024-01-28','YYYY-MM-DD'));
INSERT INTO enrollments (student_id, course_id, enrolment_date) VALUES (25, 206, TO_DATE('2023-11-21','YYYY-MM-DD'));
INSERT INTO enrollments (student_id, course_id, enrolment_date) VALUES (96, 217, TO_DATE('2024-11-28','YYYY-MM-DD'));
INSERT INTO enrollments (student_id, course_id, enrolment_date) VALUES (9, 215, TO_DATE('2022-09-23','YYYY-MM-DD'));
INSERT INTO enrollments (student_id, course_id, enrolment_date) VALUES (143, 213, TO_DATE('2023-09-22','YYYY-MM-DD'));
INSERT INTO enrollments (student_id, course_id, enrolment_date) VALUES (30, 206, TO_DATE('2023-06-16','YYYY-MM-DD'));
INSERT INTO enrollments (student_id, course_id, enrolment_date) VALUES (33, 212, TO_DATE('2022-01-03','YYYY-MM-DD'));
INSERT INTO enrollments (student_id, course_id, enrolment_date) VALUES (84, 206, TO_DATE('2023-06-08','YYYY-MM-DD'));
INSERT INTO enrollments (student_id, course_id, enrolment_date) VALUES (13, 201, TO_DATE('2022-01-14','YYYY-MM-DD'));
INSERT INTO enrollments (student_id, course_id, enrolment_date) VALUES (80, 206, TO_DATE('2024-06-10','YYYY-MM-DD'));
INSERT INTO enrollments (student_id, course_id, enrolment_date) VALUES (11, 204, TO_DATE('2024-02-03','YYYY-MM-DD'));
INSERT INTO enrollments (student_id, course_id, enrolment_date) VALUES (143, 206, TO_DATE('2023-12-28','YYYY-MM-DD'));
INSERT INTO enrollments (student_id, course_id, enrolment_date) VALUES (36, 215, TO_DATE('2022-11-10','YYYY-MM-DD'));
INSERT INTO enrollments (student_id, course_id, enrolment_date) VALUES (63, 206, TO_DATE('2024-10-17','YYYY-MM-DD'));
INSERT INTO enrollments (student_id, course_id, enrolment_date) VALUES (124, 207, TO_DATE('2023-01-14','YYYY-MM-DD'));
INSERT INTO enrollments (student_id, course_id, enrolment_date) VALUES (54, 205, TO_DATE('2022-08-12','YYYY-MM-DD'));
INSERT INTO enrollments (student_id, course_id, enrolment_date) VALUES (109, 214, TO_DATE('2023-07-30','YYYY-MM-DD'));
INSERT INTO enrollments (student_id, course_id, enrolment_date) VALUES (74, 215, TO_DATE('2023-05-04','YYYY-MM-DD'));
INSERT INTO enrollments (student_id, course_id, enrolment_date) VALUES (16, 207, TO_DATE('2024-12-22','YYYY-MM-DD'));
INSERT INTO enrollments (student_id, course_id, enrolment_date) VALUES (145, 202, TO_DATE('2025-08-23','YYYY-MM-DD'));
INSERT INTO enrollments (student_id, course_id, enrolment_date) VALUES (58, 205, TO_DATE('2024-11-20','YYYY-MM-DD'));
INSERT INTO enrollments (student_id, course_id, enrolment_date) VALUES (128, 206, TO_DATE('2022-01-13','YYYY-MM-DD'));
INSERT INTO enrollments (student_id, course_id, enrolment_date) VALUES (15, 217, TO_DATE('2022-10-06','YYYY-MM-DD'));
INSERT INTO enrollments (student_id, course_id, enrolment_date) VALUES (7, 205, TO_DATE('2022-10-31','YYYY-MM-DD'));
INSERT INTO enrollments (student_id, course_id, enrolment_date) VALUES (71, 206, TO_DATE('2025-07-17','YYYY-MM-DD'));
INSERT INTO enrollments (student_id, course_id, enrolment_date) VALUES (5, 202, TO_DATE('2022-05-31','YYYY-MM-DD'));
INSERT INTO enrollments (student_id, course_id, enrolment_date) VALUES (37, 213, TO_DATE('2022-10-13','YYYY-MM-DD'));
INSERT INTO enrollments (student_id, course_id, enrolment_date) VALUES (40, 201, TO_DATE('2022-04-16','YYYY-MM-DD'));
INSERT INTO enrollments (student_id, course_id, enrolment_date) VALUES (55, 214, TO_DATE('2025-02-11','YYYY-MM-DD'));
INSERT INTO enrollments (student_id, course_id, enrolment_date) VALUES (41, 212, TO_DATE('2022-05-12','YYYY-MM-DD'));
INSERT INTO enrollments (student_id, course_id, enrolment_date) VALUES (85, 205, TO_DATE('2024-01-19','YYYY-MM-DD'));
INSERT INTO enrollments (student_id, course_id, enrolment_date) VALUES (34, 206, TO_DATE('2024-04-28','YYYY-MM-DD'));
INSERT INTO enrollments (student_id, course_id, enrolment_date) VALUES (130, 206, TO_DATE('2023-11-03','YYYY-MM-DD'));
INSERT INTO enrollments (student_id, course_id, enrolment_date) VALUES (146, 204, TO_DATE('2023-03-25','YYYY-MM-DD'));
INSERT INTO enrollments (student_id, course_id, enrolment_date) VALUES (80, 209, TO_DATE('2023-09-20','YYYY-MM-DD'));
INSERT INTO enrollments (student_id, course_id, enrolment_date) VALUES (83, 217, TO_DATE('2025-08-01','YYYY-MM-DD'));
INSERT INTO enrollments (student_id, course_id, enrolment_date) VALUES (42, 210, TO_DATE('2024-01-24','YYYY-MM-DD'));
INSERT INTO enrollments (student_id, course_id, enrolment_date) VALUES (114, 201, TO_DATE('2022-12-28','YYYY-MM-DD'));
INSERT INTO enrollments (student_id, course_id, enrolment_date) VALUES (36, 217, TO_DATE('2025-07-26','YYYY-MM-DD'));
INSERT INTO enrollments (student_id, course_id, enrolment_date) VALUES (52, 217, TO_DATE('2022-04-08','YYYY-MM-DD'));
INSERT INTO enrollments (student_id, course_id, enrolment_date) VALUES (89, 206, TO_DATE('2022-10-10','YYYY-MM-DD'));
INSERT INTO enrollments (student_id, course_id, enrolment_date) VALUES (148, 213, TO_DATE('2023-02-23','YYYY-MM-DD'));
INSERT INTO enrollments (student_id, course_id, enrolment_date) VALUES (124, 208, TO_DATE('2024-08-13','YYYY-MM-DD'));
INSERT INTO enrollments (student_id, course_id, enrolment_date) VALUES (31, 207, TO_DATE('2023-10-21','YYYY-MM-DD'));
INSERT INTO enrollments (student_id, course_id, enrolment_date) VALUES (118, 202, TO_DATE('2022-09-02','YYYY-MM-DD'));
INSERT INTO enrollments (student_id, course_id, enrolment_date) VALUES (92, 204, TO_DATE('2022-08-21','YYYY-MM-DD'));
INSERT INTO enrollments (student_id, course_id, enrolment_date) VALUES (89, 201, TO_DATE('2022-02-08','YYYY-MM-DD'));
INSERT INTO enrollments (student_id, course_id, enrolment_date) VALUES (4, 206, TO_DATE('2023-09-30','YYYY-MM-DD'));
INSERT INTO enrollments (student_id, course_id, enrolment_date) VALUES (77, 206, TO_DATE('2022-01-10','YYYY-MM-DD'));
INSERT INTO enrollments (student_id, course_id, enrolment_date) VALUES (119, 208, TO_DATE('2022-05-26','YYYY-MM-DD'));
INSERT INTO enrollments (student_id, course_id, enrolment_date) VALUES (148, 205, TO_DATE('2022-03-28','YYYY-MM-DD'));
INSERT INTO enrollments (student_id, course_id, enrolment_date) VALUES (89, 212, TO_DATE('2024-12-25','YYYY-MM-DD'));
INSERT INTO enrollments (student_id, course_id, enrolment_date) VALUES (88, 217, TO_DATE('2023-06-01','YYYY-MM-DD'));
INSERT INTO enrollments (student_id, course_id, enrolment_date) VALUES (52, 211, TO_DATE('2022-09-03','YYYY-MM-DD'));
INSERT INTO enrollments (student_id, course_id, enrolment_date) VALUES (33, 217, TO_DATE('2023-01-16','YYYY-MM-DD'));
INSERT INTO enrollments (student_id, course_id, enrolment_date) VALUES (15, 214, TO_DATE('2023-09-27','YYYY-MM-DD'));
INSERT INTO enrollments (student_id, course_id, enrolment_date) VALUES (27, 202, TO_DATE('2023-03-15','YYYY-MM-DD'));
INSERT INTO enrollments (student_id, course_id, enrolment_date) VALUES (84, 204, TO_DATE('2024-11-16','YYYY-MM-DD'));
INSERT INTO enrollments (student_id, course_id, enrolment_date) VALUES (113, 215, TO_DATE('2024-03-23','YYYY-MM-DD'));
INSERT INTO enrollments (student_id, course_id, enrolment_date) VALUES (127, 202, TO_DATE('2023-01-20','YYYY-MM-DD'));
INSERT INTO enrollments (student_id, course_id, enrolment_date) VALUES (44, 204, TO_DATE('2025-07-30','YYYY-MM-DD'));
INSERT INTO enrollments (student_id, course_id, enrolment_date) VALUES (17, 207, TO_DATE('2022-09-22','YYYY-MM-DD'));
INSERT INTO enrollments (student_id, course_id, enrolment_date) VALUES (82, 202, TO_DATE('2022-07-24','YYYY-MM-DD'));
INSERT INTO enrollments (student_id, course_id, enrolment_date) VALUES (110, 214, TO_DATE('2025-04-29','YYYY-MM-DD'));
INSERT INTO enrollments (student_id, course_id, enrolment_date) VALUES (113, 207, TO_DATE('2022-09-15','YYYY-MM-DD'));
INSERT INTO enrollments (student_id, course_id, enrolment_date) VALUES (82, 206, TO_DATE('2024-02-01','YYYY-MM-DD'));
INSERT INTO enrollments (student_id, course_id, enrolment_date) VALUES (71, 201, TO_DATE('2025-05-08','YYYY-MM-DD'));
INSERT INTO enrollments (student_id, course_id, enrolment_date) VALUES (94, 215, TO_DATE('2023-05-13','YYYY-MM-DD'));
INSERT INTO enrollments (student_id, course_id, enrolment_date) VALUES (115, 207, TO_DATE('2025-02-23','YYYY-MM-DD'));
INSERT INTO enrollments (student_id, course_id, enrolment_date) VALUES (62, 217, TO_DATE('2024-06-29','YYYY-MM-DD'));
INSERT INTO enrollments (student_id, course_id, enrolment_date) VALUES (66, 212, TO_DATE('2022-11-27','YYYY-MM-DD'));
INSERT INTO enrollments (student_id, course_id, enrolment_date) VALUES (74, 201, TO_DATE('2023-07-08','YYYY-MM-DD'));
INSERT INTO enrollments (student_id, course_id, enrolment_date) VALUES (68, 201, TO_DATE('2025-08-08','YYYY-MM-DD'));
INSERT INTO enrollments (student_id, course_id, enrolment_date) VALUES (57, 206, TO_DATE('2022-10-12','YYYY-MM-DD'));
INSERT INTO enrollments (student_id, course_id, enrolment_date) VALUES (10, 206, TO_DATE('2023-07-05','YYYY-MM-DD'));
INSERT INTO enrollments (student_id, course_id, enrolment_date) VALUES (80, 215, TO_DATE('2023-10-24','YYYY-MM-DD'));
INSERT INTO enrollments (student_id, course_id, enrolment_date) VALUES (93, 207, TO_DATE('2025-08-21','YYYY-MM-DD'));
INSERT INTO enrollments (student_id, course_id, enrolment_date) VALUES (129, 208, TO_DATE('2022-11-20','YYYY-MM-DD'));
INSERT INTO enrollments (student_id, course_id, enrolment_date) VALUES (126, 207, TO_DATE('2022-07-03','YYYY-MM-DD'));
INSERT INTO enrollments (student_id, course_id, enrolment_date) VALUES (34, 207, TO_DATE('2023-11-14','YYYY-MM-DD'));
INSERT INTO enrollments (student_id, course_id, enrolment_date) VALUES (135, 210, TO_DATE('2022-08-21','YYYY-MM-DD'));
INSERT INTO enrollments (student_id, course_id, enrolment_date) VALUES (77, 217, TO_DATE('2025-02-19','YYYY-MM-DD'));
INSERT INTO enrollments (student_id, course_id, enrolment_date) VALUES (95, 204, TO_DATE('2024-07-19','YYYY-MM-DD'));
INSERT INTO enrollments (student_id, course_id, enrolment_date) VALUES (60, 215, TO_DATE('2022-01-18','YYYY-MM-DD'));
INSERT INTO enrollments (student_id, course_id, enrolment_date) VALUES (134, 207, TO_DATE('2024-04-30','YYYY-MM-DD'));
INSERT INTO enrollments (student_id, course_id, enrolment_date) VALUES (38, 213, TO_DATE('2024-03-13','YYYY-MM-DD'));
INSERT INTO enrollments (student_id, course_id, enrolment_date) VALUES (86, 211, TO_DATE('2024-02-10','YYYY-MM-DD'));
INSERT INTO enrollments (student_id, course_id, enrolment_date) VALUES (114, 211, TO_DATE('2024-06-20','YYYY-MM-DD'));
INSERT INTO enrollments (student_id, course_id, enrolment_date) VALUES (129, 217, TO_DATE('2023-03-06','YYYY-MM-DD'));
INSERT INTO enrollments (student_id, course_id, enrolment_date) VALUES (13, 209, TO_DATE('2023-04-30','YYYY-MM-DD'));
INSERT INTO enrollments (student_id, course_id, enrolment_date) VALUES (137, 201, TO_DATE('2022-04-16','YYYY-MM-DD'));
INSERT INTO enrollments (student_id, course_id, enrolment_date) VALUES (12, 201, TO_DATE('2023-04-17','YYYY-MM-DD'));
INSERT INTO enrollments (student_id, course_id, enrolment_date) VALUES (19, 209, TO_DATE('2023-11-10','YYYY-MM-DD'));
INSERT INTO enrollments (student_id, course_id, enrolment_date) VALUES (123, 207, TO_DATE('2023-12-20','YYYY-MM-DD'));
INSERT INTO enrollments (student_id, course_id, enrolment_date) VALUES (122, 213, TO_DATE('2022-10-05','YYYY-MM-DD'));
INSERT INTO enrollments (student_id, course_id, enrolment_date) VALUES (106, 206, TO_DATE('2024-04-04','YYYY-MM-DD'));
INSERT INTO enrollments (student_id, course_id, enrolment_date) VALUES (69, 217, TO_DATE('2024-04-23','YYYY-MM-DD'));
INSERT INTO enrollments (student_id, course_id, enrolment_date) VALUES (143, 207, TO_DATE('2022-07-06','YYYY-MM-DD'));
INSERT INTO enrollments (student_id, course_id, enrolment_date) VALUES (104, 214, TO_DATE('2023-01-29','YYYY-MM-DD'));
INSERT INTO enrollments (student_id, course_id, enrolment_date) VALUES (98, 210, TO_DATE('2024-05-09','YYYY-MM-DD'));
INSERT INTO enrollments (student_id, course_id, enrolment_date) VALUES (70, 210, TO_DATE('2024-12-07','YYYY-MM-DD'));
INSERT INTO enrollments (student_id, course_id, enrolment_date) VALUES (63, 214, TO_DATE('2024-11-02','YYYY-MM-DD'));
INSERT INTO enrollments (student_id, course_id, enrolment_date) VALUES (64, 207, TO_DATE('2024-03-28','YYYY-MM-DD'));
INSERT INTO enrollments (student_id, course_id, enrolment_date) VALUES (53, 207, TO_DATE('2025-01-04','YYYY-MM-DD'));
INSERT INTO enrollments (student_id, course_id, enrolment_date) VALUES (12, 207, TO_DATE('2023-01-17','YYYY-MM-DD'));
INSERT INTO enrollments (student_id, course_id, enrolment_date) VALUES (12, 213, TO_DATE('2024-07-13','YYYY-MM-DD'));
INSERT INTO enrollments (student_id, course_id, enrolment_date) VALUES (44, 211, TO_DATE('2024-05-08','YYYY-MM-DD'));
INSERT INTO enrollments (student_id, course_id, enrolment_date) VALUES (2, 204, TO_DATE('2022-03-13','YYYY-MM-DD'));
INSERT INTO enrollments (student_id, course_id, enrolment_date) VALUES (143, 209, TO_DATE('2022-05-05','YYYY-MM-DD'));
INSERT INTO enrollments (student_id, course_id, enrolment_date) VALUES (85, 206, TO_DATE('2022-12-27','YYYY-MM-DD'));
INSERT INTO enrollments (student_id, course_id, enrolment_date) VALUES (81, 213, TO_DATE('2023-02-16','YYYY-MM-DD'));
INSERT INTO enrollments (student_id, course_id, enrolment_date) VALUES (141, 206, TO_DATE('2024-08-23','YYYY-MM-DD'));
INSERT INTO enrollments (student_id, course_id, enrolment_date) VALUES (76, 211, TO_DATE('2024-12-08','YYYY-MM-DD'));
INSERT INTO enrollments (student_id, course_id, enrolment_date) VALUES (28, 210, TO_DATE('2024-02-11','YYYY-MM-DD'));
INSERT INTO enrollments (student_id, course_id, enrolment_date) VALUES (90, 210, TO_DATE('2022-09-25','YYYY-MM-DD'));
INSERT INTO enrollments (student_id, course_id, enrolment_date) VALUES (113, 204, TO_DATE('2023-09-24','YYYY-MM-DD'));
INSERT INTO enrollments (student_id, course_id, enrolment_date) VALUES (64, 208, TO_DATE('2023-11-26','YYYY-MM-DD'));
INSERT INTO enrollments (student_id, course_id, enrolment_date) VALUES (121, 211, TO_DATE('2023-12-28','YYYY-MM-DD'));
INSERT INTO enrollments (student_id, course_id, enrolment_date) VALUES (20, 207, TO_DATE('2023-12-17','YYYY-MM-DD'));
INSERT INTO enrollments (student_id, course_id, enrolment_date) VALUES (44, 215, TO_DATE('2022-09-26','YYYY-MM-DD'));
INSERT INTO enrollments (student_id, course_id, enrolment_date) VALUES (18, 217, TO_DATE('2025-08-18','YYYY-MM-DD'));
INSERT INTO enrollments (student_id, course_id, enrolment_date) VALUES (110, 211, TO_DATE('2025-02-22','YYYY-MM-DD'));
INSERT INTO enrollments (student_id, course_id, enrolment_date) VALUES (20, 215, TO_DATE('2022-10-19','YYYY-MM-DD'));
INSERT INTO enrollments (student_id, course_id, enrolment_date) VALUES (133, 202, TO_DATE('2022-08-23','YYYY-MM-DD'));
INSERT INTO enrollments (student_id, course_id, enrolment_date) VALUES (84, 201, TO_DATE('2022-01-07','YYYY-MM-DD'));
INSERT INTO enrollments (student_id, course_id, enrolment_date) VALUES (56, 207, TO_DATE('2024-06-24','YYYY-MM-DD'));
INSERT INTO enrollments (student_id, course_id, enrolment_date) VALUES (49, 217, TO_DATE('2023-03-16','YYYY-MM-DD'));
INSERT INTO enrollments (student_id, course_id, enrolment_date) VALUES (14, 208, TO_DATE('2024-12-03','YYYY-MM-DD'));
INSERT INTO enrollments (student_id, course_id, enrolment_date) VALUES (127, 215, TO_DATE('2023-11-24','YYYY-MM-DD'));
INSERT INTO enrollments (student_id, course_id, enrolment_date) VALUES (8, 205, TO_DATE('2024-01-25','YYYY-MM-DD'));
INSERT INTO enrollments (student_id, course_id, enrolment_date) VALUES (3, 205, TO_DATE('2024-06-10','YYYY-MM-DD'));
INSERT INTO enrollments (student_id, course_id, enrolment_date) VALUES (28, 215, TO_DATE('2023-11-22','YYYY-MM-DD'));
INSERT INTO enrollments (student_id, course_id, enrolment_date) VALUES (35, 217, TO_DATE('2025-05-23','YYYY-MM-DD'));
INSERT INTO enrollments (student_id, course_id, enrolment_date) VALUES (83, 207, TO_DATE('2024-06-17','YYYY-MM-DD'));
INSERT INTO enrollments (student_id, course_id, enrolment_date) VALUES (73, 207, TO_DATE('2023-06-10','YYYY-MM-DD'));
INSERT INTO enrollments (student_id, course_id, enrolment_date) VALUES (40, 210, TO_DATE('2024-03-25','YYYY-MM-DD'));
INSERT INTO enrollments (student_id, course_id, enrolment_date) VALUES (72, 207, TO_DATE('2024-11-22','YYYY-MM-DD'));
INSERT INTO enrollments (student_id, course_id, enrolment_date) VALUES (16, 201, TO_DATE('2025-01-14','YYYY-MM-DD'));
INSERT INTO enrollments (student_id, course_id, enrolment_date) VALUES (117, 207, TO_DATE('2023-12-01','YYYY-MM-DD'));
INSERT INTO enrollments (student_id, course_id, enrolment_date) VALUES (35, 211, TO_DATE('2024-05-28','YYYY-MM-DD'));
INSERT INTO enrollments (student_id, course_id, enrolment_date) VALUES (44, 209, TO_DATE('2024-03-29','YYYY-MM-DD'));
INSERT INTO enrollments (student_id, course_id, enrolment_date) VALUES (6, 214, TO_DATE('2025-04-23','YYYY-MM-DD'));
INSERT INTO enrollments (student_id, course_id, enrolment_date) VALUES (11, 207, TO_DATE('2025-01-13','YYYY-MM-DD'));
INSERT INTO enrollments (student_id, course_id, enrolment_date) VALUES (18, 202, TO_DATE('2023-09-04','YYYY-MM-DD'));
INSERT INTO enrollments (student_id, course_id, enrolment_date) VALUES (49, 206, TO_DATE('2023-06-13','YYYY-MM-DD'));
INSERT INTO enrollments (student_id, course_id, enrolment_date) VALUES (99, 206, TO_DATE('2022-05-27','YYYY-MM-DD'));
INSERT INTO enrollments (student_id, course_id, enrolment_date) VALUES (34, 209, TO_DATE('2022-10-06','YYYY-MM-DD'));
INSERT INTO enrollments (student_id, course_id, enrolment_date) VALUES (92, 208, TO_DATE('2025-08-21','YYYY-MM-DD'));
INSERT INTO enrollments (student_id, course_id, enrolment_date) VALUES (127, 214, TO_DATE('2024-06-09','YYYY-MM-DD'));
INSERT INTO enrollments (student_id, course_id, enrolment_date) VALUES (21, 201, TO_DATE('2022-06-29','YYYY-MM-DD'));
INSERT INTO enrollments (student_id, course_id, enrolment_date) VALUES (122, 210, TO_DATE('2022-08-28','YYYY-MM-DD'));
INSERT INTO enrollments (student_id, course_id, enrolment_date) VALUES (62, 215, TO_DATE('2024-01-18','YYYY-MM-DD'));
INSERT INTO enrollments (student_id, course_id, enrolment_date) VALUES (79, 215, TO_DATE('2022-01-01','YYYY-MM-DD'));
INSERT INTO enrollments (student_id, course_id, enrolment_date) VALUES (3, 207, TO_DATE('2022-03-22','YYYY-MM-DD'));
INSERT INTO enrollments (student_id, course_id, enrolment_date) VALUES (120, 201, TO_DATE('2022-10-06','YYYY-MM-DD'));
INSERT INTO enrollments (student_id, course_id, enrolment_date) VALUES (4, 204, TO_DATE('2024-09-19','YYYY-MM-DD'));
INSERT INTO enrollments (student_id, course_id, enrolment_date) VALUES (106, 208, TO_DATE('2025-05-23','YYYY-MM-DD'));
INSERT INTO enrollments (student_id, course_id, enrolment_date) VALUES (38, 207, TO_DATE('2022-06-23','YYYY-MM-DD'));
INSERT INTO enrollments (student_id, course_id, enrolment_date) VALUES (66, 214, TO_DATE('2023-06-03','YYYY-MM-DD'));
INSERT INTO enrollments (student_id, course_id, enrolment_date) VALUES (109, 217, TO_DATE('2022-01-07','YYYY-MM-DD'));
INSERT INTO enrollments (student_id, course_id, enrolment_date) VALUES (102, 201, TO_DATE('2022-04-25','YYYY-MM-DD'));
INSERT INTO enrollments (student_id, course_id, enrolment_date) VALUES (78, 211, TO_DATE('2024-11-02','YYYY-MM-DD'));
INSERT INTO enrollments (student_id, course_id, enrolment_date) VALUES (50, 204, TO_DATE('2022-07-07','YYYY-MM-DD'));
INSERT INTO enrollments (student_id, course_id, enrolment_date) VALUES (102, 217, TO_DATE('2022-08-04','YYYY-MM-DD'));
INSERT INTO enrollments (student_id, course_id, enrolment_date) VALUES (67, 215, TO_DATE('2025-06-25','YYYY-MM-DD'));
INSERT INTO enrollments (student_id, course_id, enrolment_date) VALUES (29, 205, TO_DATE('2025-05-06','YYYY-MM-DD'));
INSERT INTO enrollments (student_id, course_id, enrolment_date) VALUES (112, 205, TO_DATE('2025-05-20','YYYY-MM-DD'));
INSERT INTO enrollments (student_id, course_id, enrolment_date) VALUES (98, 204, TO_DATE('2025-02-15','YYYY-MM-DD'));
INSERT INTO enrollments (student_id, course_id, enrolment_date) VALUES (77, 211, TO_DATE('2025-05-01','YYYY-MM-DD'));
INSERT INTO enrollments (student_id, course_id, enrolment_date) VALUES (80, 201, TO_DATE('2022-03-06','YYYY-MM-DD'));
INSERT INTO enrollments (student_id, course_id, enrolment_date) VALUES (62, 206, TO_DATE('2022-11-27','YYYY-MM-DD'));
INSERT INTO enrollments (student_id, course_id, enrolment_date) VALUES (85, 202, TO_DATE('2022-12-27','YYYY-MM-DD'));
INSERT INTO enrollments (student_id, course_id, enrolment_date) VALUES (129, 214, TO_DATE('2025-08-06','YYYY-MM-DD'));
INSERT INTO enrollments (student_id, course_id, enrolment_date) VALUES (77, 207, TO_DATE('2023-08-23','YYYY-MM-DD'));
INSERT INTO enrollments (student_id, course_id, enrolment_date) VALUES (22, 206, TO_DATE('2022-12-04','YYYY-MM-DD'));
INSERT INTO enrollments (student_id, course_id, enrolment_date) VALUES (144, 217, TO_DATE('2022-07-01','YYYY-MM-DD'));
INSERT INTO enrollments (student_id, course_id, enrolment_date) VALUES (60, 217, TO_DATE('2025-02-19','YYYY-MM-DD'));
INSERT INTO enrollments (student_id, course_id, enrolment_date) VALUES (42, 213, TO_DATE('2024-12-30','YYYY-MM-DD'));
INSERT INTO enrollments (student_id, course_id, enrolment_date) VALUES (107, 207, TO_DATE('2024-10-01','YYYY-MM-DD'));
INSERT INTO enrollments (student_id, course_id, enrolment_date) VALUES (84, 202, TO_DATE('2023-02-26','YYYY-MM-DD'));
INSERT INTO enrollments (student_id, course_id, enrolment_date) VALUES (129, 213, TO_DATE('2023-05-14','YYYY-MM-DD'));
INSERT INTO enrollments (student_id, course_id, enrolment_date) VALUES (43, 201, TO_DATE('2023-03-10','YYYY-MM-DD'));
INSERT INTO enrollments (student_id, course_id, enrolment_date) VALUES (86, 215, TO_DATE('2024-03-20','YYYY-MM-DD'));
INSERT INTO enrollments (student_id, course_id, enrolment_date) VALUES (47, 201, TO_DATE('2025-07-07','YYYY-MM-DD'));
INSERT INTO enrollments (student_id, course_id, enrolment_date) VALUES (29, 213, TO_DATE('2025-03-07','YYYY-MM-DD'));
INSERT INTO enrollments (student_id, course_id, enrolment_date) VALUES (121, 201, TO_DATE('2025-07-29','YYYY-MM-DD'));
INSERT INTO enrollments (student_id, course_id, enrolment_date) VALUES (33, 204, TO_DATE('2025-05-30','YYYY-MM-DD'));
INSERT INTO enrollments (student_id, course_id, enrolment_date) VALUES (52, 204, TO_DATE('2024-09-04','YYYY-MM-DD'));
INSERT INTO enrollments (student_id, course_id, enrolment_date) VALUES (34, 208, TO_DATE('2024-12-20','YYYY-MM-DD'));
INSERT INTO enrollments (student_id, course_id, enrolment_date) VALUES (56, 217, TO_DATE('2022-11-26','YYYY-MM-DD'));
INSERT INTO enrollments (student_id, course_id, enrolment_date) VALUES (63, 207, TO_DATE('2022-11-29','YYYY-MM-DD'));
INSERT INTO enrollments (student_id, course_id, enrolment_date) VALUES (127, 217, TO_DATE('2023-03-13','YYYY-MM-DD'));
INSERT INTO enrollments (student_id, course_id, enrolment_date) VALUES (8, 206, TO_DATE('2022-05-11','YYYY-MM-DD'));
INSERT INTO enrollments (student_id, course_id, enrolment_date) VALUES (87, 215, TO_DATE('2024-04-30','YYYY-MM-DD'));
INSERT INTO enrollments (student_id, course_id, enrolment_date) VALUES (9, 217, TO_DATE('2023-08-27','YYYY-MM-DD'));
INSERT INTO enrollments (student_id, course_id, enrolment_date) VALUES (100, 209, TO_DATE('2023-10-18','YYYY-MM-DD'));
INSERT INTO enrollments (student_id, course_id, enrolment_date) VALUES (116, 201, TO_DATE('2022-11-23','YYYY-MM-DD'));
INSERT INTO enrollments (student_id, course_id, enrolment_date) VALUES (87, 206, TO_DATE('2022-01-11','YYYY-MM-DD'));
INSERT INTO enrollments (student_id, course_id, enrolment_date) VALUES (66, 215, TO_DATE('2022-12-20','YYYY-MM-DD'));
INSERT INTO enrollments (student_id, course_id, enrolment_date) VALUES (103, 210, TO_DATE('2022-08-15','YYYY-MM-DD'));
INSERT INTO enrollments (student_id, course_id, enrolment_date) VALUES (96, 212, TO_DATE('2022-03-06','YYYY-MM-DD'));
INSERT INTO enrollments (student_id, course_id, enrolment_date) VALUES (102, 204, TO_DATE('2023-05-07','YYYY-MM-DD'));
INSERT INTO enrollments (student_id, course_id, enrolment_date) VALUES (71, 202, TO_DATE('2022-10-11','YYYY-MM-DD'));
INSERT INTO enrollments (student_id, course_id, enrolment_date) VALUES (5, 206, TO_DATE('2022-06-04','YYYY-MM-DD'));
INSERT INTO enrollments (student_id, course_id, enrolment_date) VALUES (5, 215, TO_DATE('2023-02-26','YYYY-MM-DD'));
INSERT INTO enrollments (student_id, course_id, enrolment_date) VALUES (55, 206, TO_DATE('2022-03-23','YYYY-MM-DD'));
INSERT INTO enrollments (student_id, course_id, enrolment_date) VALUES (78, 212, TO_DATE('2022-03-07','YYYY-MM-DD'));
INSERT INTO enrollments (student_id, course_id, enrolment_date) VALUES (12, 206, TO_DATE('2024-03-25','YYYY-MM-DD'));
INSERT INTO enrollments (student_id, course_id, enrolment_date) VALUES (119, 213, TO_DATE('2023-04-13','YYYY-MM-DD'));
INSERT INTO enrollments (student_id, course_id, enrolment_date) VALUES (150, 201, TO_DATE('2025-03-11','YYYY-MM-DD'));
INSERT INTO enrollments (student_id, course_id, enrolment_date) VALUES (73, 217, TO_DATE('2024-05-08','YYYY-MM-DD'));
INSERT INTO enrollments (student_id, course_id, enrolment_date) VALUES (12, 215, TO_DATE('2024-01-26','YYYY-MM-DD'));
INSERT INTO enrollments (student_id, course_id, enrolment_date) VALUES (139, 215, TO_DATE('2022-12-19','YYYY-MM-DD'));
INSERT INTO enrollments (student_id, course_id, enrolment_date) VALUES (3, 208, TO_DATE('2023-05-28','YYYY-MM-DD'));
INSERT INTO enrollments (student_id, course_id, enrolment_date) VALUES (84, 208, TO_DATE('2024-07-20','YYYY-MM-DD'));
INSERT INTO enrollments (student_id, course_id, enrolment_date) VALUES (113, 206, TO_DATE('2024-07-03','YYYY-MM-DD'));
INSERT INTO enrollments (student_id, course_id, enrolment_date) VALUES (150, 206, TO_DATE('2024-07-27','YYYY-MM-DD'));
INSERT INTO enrollments (student_id, course_id, enrolment_date) VALUES (148, 201, TO_DATE('2023-02-09','YYYY-MM-DD'));
INSERT INTO enrollments (student_id, course_id, enrolment_date) VALUES (42, 217, TO_DATE('2024-11-26','YYYY-MM-DD'));
INSERT INTO enrollments (student_id, course_id, enrolment_date) VALUES (44, 206, TO_DATE('2025-07-27','YYYY-MM-DD'));
INSERT INTO enrollments (student_id, course_id, enrolment_date) VALUES (94, 217, TO_DATE('2022-06-16','YYYY-MM-DD'));
INSERT INTO enrollments (student_id, course_id, enrolment_date) VALUES (16, 215, TO_DATE('2025-05-20','YYYY-MM-DD'));
INSERT INTO enrollments (student_id, course_id, enrolment_date) VALUES (135, 201, TO_DATE('2022-02-08','YYYY-MM-DD'));
INSERT INTO enrollments (student_id, course_id, enrolment_date) VALUES (68, 213, TO_DATE('2024-10-18','YYYY-MM-DD'));
INSERT INTO enrollments (student_id, course_id, enrolment_date) VALUES (12, 217, TO_DATE('2023-01-21','YYYY-MM-DD'));
INSERT INTO enrollments (student_id, course_id, enrolment_date) VALUES (107, 201, TO_DATE('2025-01-23','YYYY-MM-DD'));
INSERT INTO enrollments (student_id, course_id, enrolment_date) VALUES (53, 213, TO_DATE('2024-06-12','YYYY-MM-DD'));
INSERT INTO enrollments (student_id, course_id, enrolment_date) VALUES (142, 217, TO_DATE('2023-08-26','YYYY-MM-DD'));
INSERT INTO enrollments (student_id, course_id, enrolment_date) VALUES (24, 213, TO_DATE('2023-12-27','YYYY-MM-DD'));
INSERT INTO enrollments (student_id, course_id, enrolment_date) VALUES (61, 209, TO_DATE('2025-01-25','YYYY-MM-DD'));
INSERT INTO enrollments (student_id, course_id, enrolment_date) VALUES (131, 206, TO_DATE('2025-05-22','YYYY-MM-DD'));
INSERT INTO enrollments (student_id, course_id, enrolment_date) VALUES (17, 217, TO_DATE('2025-06-25','YYYY-MM-DD'));
INSERT INTO enrollments (student_id, course_id, enrolment_date) VALUES (26, 213, TO_DATE('2022-11-18','YYYY-MM-DD'));
INSERT INTO enrollments (student_id, course_id, enrolment_date) VALUES (89, 207, TO_DATE('2022-11-01','YYYY-MM-DD'));
INSERT INTO enrollments (student_id, course_id, enrolment_date) VALUES (117, 206, TO_DATE('2022-01-09','YYYY-MM-DD'));
INSERT INTO enrollments (student_id, course_id, enrolment_date) VALUES (3, 215, TO_DATE('2022-09-27','YYYY-MM-DD'));
INSERT INTO enrollments (student_id, course_id, enrolment_date) VALUES (76, 209, TO_DATE('2024-11-28','YYYY-MM-DD'));
INSERT INTO enrollments (student_id, course_id, enrolment_date) VALUES (74, 211, TO_DATE('2025-06-07','YYYY-MM-DD'));
INSERT INTO enrollments (student_id, course_id, enrolment_date) VALUES (105, 209, TO_DATE('2025-04-08','YYYY-MM-DD'));
INSERT INTO enrollments (student_id, course_id, enrolment_date) VALUES (123, 215, TO_DATE('2024-12-31','YYYY-MM-DD'));
INSERT INTO enrollments (student_id, course_id, enrolment_date) VALUES (81, 205, TO_DATE('2025-07-31','YYYY-MM-DD'));
INSERT INTO enrollments (student_id, course_id, enrolment_date) VALUES (43, 215, TO_DATE('2025-06-25','YYYY-MM-DD'));
INSERT INTO enrollments (student_id, course_id, enrolment_date) VALUES (118, 210, TO_DATE('2024-09-15','YYYY-MM-DD'));
INSERT INTO enrollments (student_id, course_id, enrolment_date) VALUES (97, 212, TO_DATE('2023-10-24','YYYY-MM-DD'));
INSERT INTO enrollments (student_id, course_id, enrolment_date) VALUES (144, 208, TO_DATE('2022-01-14','YYYY-MM-DD'));
INSERT INTO enrollments (student_id, course_id, enrolment_date) VALUES (106, 202, TO_DATE('2022-08-10','YYYY-MM-DD'));
INSERT INTO enrollments (student_id, course_id, enrolment_date) VALUES (56, 205, TO_DATE('2023-11-02','YYYY-MM-DD'));
INSERT INTO enrollments (student_id, course_id, enrolment_date) VALUES (6, 207, TO_DATE('2023-09-06','YYYY-MM-DD'));
INSERT INTO enrollments (student_id, course_id, enrolment_date) VALUES (53, 206, TO_DATE('2023-06-27','YYYY-MM-DD'));
INSERT INTO enrollments (student_id, course_id, enrolment_date) VALUES (146, 206, TO_DATE('2025-05-25','YYYY-MM-DD'));
INSERT INTO enrollments (student_id, course_id, enrolment_date) VALUES (10, 215, TO_DATE('2022-05-29','YYYY-MM-DD'));
INSERT INTO enrollments (student_id, course_id, enrolment_date) VALUES (70, 212, TO_DATE('2025-08-18','YYYY-MM-DD'));
INSERT INTO enrollments (student_id, course_id, enrolment_date) VALUES (100, 215, TO_DATE('2024-06-20','YYYY-MM-DD'));
INSERT INTO enrollments (student_id, course_id, enrolment_date) VALUES (90, 201, TO_DATE('2023-09-11','YYYY-MM-DD'));
INSERT INTO enrollments (student_id, course_id, enrolment_date) VALUES (21, 211, TO_DATE('2022-01-21','YYYY-MM-DD'));
INSERT INTO enrollments (student_id, course_id, enrolment_date) VALUES (125, 211, TO_DATE('2025-06-16','YYYY-MM-DD'));
INSERT INTO enrollments (student_id, course_id, enrolment_date) VALUES (9, 208, TO_DATE('2023-12-21','YYYY-MM-DD'));
INSERT INTO enrollments (student_id, course_id, enrolment_date) VALUES (137, 207, TO_DATE('2024-03-17','YYYY-MM-DD'));
INSERT INTO enrollments (student_id, course_id, enrolment_date) VALUES (115, 208, TO_DATE('2023-04-21','YYYY-MM-DD'));
INSERT INTO enrollments (student_id, course_id, enrolment_date) VALUES (8, 201, TO_DATE('2025-03-02','YYYY-MM-DD'));
INSERT INTO enrollments (student_id, course_id, enrolment_date) VALUES (102, 206, TO_DATE('2024-04-15','YYYY-MM-DD'));
INSERT INTO enrollments (student_id, course_id, enrolment_date) VALUES (16, 211, TO_DATE('2024-07-29','YYYY-MM-DD'));
INSERT INTO enrollments (student_id, course_id, enrolment_date) VALUES (100, 206, TO_DATE('2022-03-06','YYYY-MM-DD'));
INSERT INTO enrollments (student_id, course_id, enrolment_date) VALUES (7, 201, TO_DATE('2022-09-06','YYYY-MM-DD'));
INSERT INTO enrollments (student_id, course_id, enrolment_date) VALUES (32, 205, TO_DATE('2022-12-18','YYYY-MM-DD'));
INSERT INTO enrollments (student_id, course_id, enrolment_date) VALUES (59, 206, TO_DATE('2023-03-09','YYYY-MM-DD'));
INSERT INTO enrollments (student_id, course_id, enrolment_date) VALUES (84, 215, TO_DATE('2022-02-23','YYYY-MM-DD'));
INSERT INTO enrollments (student_id, course_id, enrolment_date) VALUES (95, 214, TO_DATE('2024-02-11','YYYY-MM-DD'));
INSERT INTO enrollments (student_id, course_id, enrolment_date) VALUES (50, 211, TO_DATE('2025-03-11','YYYY-MM-DD'));
INSERT INTO enrollments (student_id, course_id, enrolment_date) VALUES (26, 206, TO_DATE('2024-02-23','YYYY-MM-DD'));
INSERT INTO enrollments (student_id, course_id, enrolment_date) VALUES (55, 210, TO_DATE('2024-02-02','YYYY-MM-DD'));
INSERT INTO enrollments (student_id, course_id, enrolment_date) VALUES (145, 208, TO_DATE('2024-05-29','YYYY-MM-DD'));
INSERT INTO enrollments (student_id, course_id, enrolment_date) VALUES (32, 213, TO_DATE('2023-07-11','YYYY-MM-DD'));
INSERT INTO enrollments (student_id, course_id, enrolment_date) VALUES (73, 213, TO_DATE('2025-05-03','YYYY-MM-DD'));
INSERT INTO enrollments (student_id, course_id, enrolment_date) VALUES (75, 215, TO_DATE('2022-07-31','YYYY-MM-DD'));
INSERT INTO enrollments (student_id, course_id, enrolment_date) VALUES (20, 206, TO_DATE('2023-11-18','YYYY-MM-DD'));
INSERT INTO enrollments (student_id, course_id, enrolment_date) VALUES (56, 213, TO_DATE('2025-03-15','YYYY-MM-DD'));
INSERT INTO enrollments (student_id, course_id, enrolment_date) VALUES (25, 210, TO_DATE('2023-11-26','YYYY-MM-DD'));
INSERT INTO enrollments (student_id, course_id, enrolment_date) VALUES (23, 205, TO_DATE('2022-01-21','YYYY-MM-DD'));
INSERT INTO enrollments (student_id, course_id, enrolment_date) VALUES (128, 201, TO_DATE('2023-05-04','YYYY-MM-DD'));
INSERT INTO enrollments (student_id, course_id, enrolment_date) VALUES (135, 214, TO_DATE('2024-12-06','YYYY-MM-DD'));
INSERT INTO enrollments (student_id, course_id, enrolment_date) VALUES (89, 202, TO_DATE('2023-10-09','YYYY-MM-DD'));
INSERT INTO enrollments (student_id, course_id, enrolment_date) VALUES (145, 201, TO_DATE('2024-12-20','YYYY-MM-DD'));
INSERT INTO enrollments (student_id, course_id, enrolment_date) VALUES (127, 207, TO_DATE('2024-08-04','YYYY-MM-DD'));
INSERT INTO enrollments (student_id, course_id, enrolment_date) VALUES (110, 206, TO_DATE('2023-10-25','YYYY-MM-DD'));
INSERT INTO enrollments (student_id, course_id, enrolment_date) VALUES (106, 207, TO_DATE('2022-01-31','YYYY-MM-DD'));
INSERT INTO enrollments (student_id, course_id, enrolment_date) VALUES (31, 209, TO_DATE('2024-02-07','YYYY-MM-DD'));
INSERT INTO enrollments (student_id, course_id, enrolment_date) VALUES (67, 204, TO_DATE('2024-08-16','YYYY-MM-DD'));
INSERT INTO enrollments (student_id, course_id, enrolment_date) VALUES (104, 211, TO_DATE('2023-03-07','YYYY-MM-DD'));
INSERT INTO enrollments (student_id, course_id, enrolment_date) VALUES (2, 210, TO_DATE('2023-09-10','YYYY-MM-DD'));
INSERT INTO enrollments (student_id, course_id, enrolment_date) VALUES (4, 208, TO_DATE('2025-05-18','YYYY-MM-DD'));
INSERT INTO enrollments (student_id, course_id, enrolment_date) VALUES (104, 212, TO_DATE('2025-02-22','YYYY-MM-DD'));
INSERT INTO enrollments (student_id, course_id, enrolment_date) VALUES (116, 207, TO_DATE('2023-05-29','YYYY-MM-DD'));
INSERT INTO enrollments (student_id, course_id, enrolment_date) VALUES (81, 214, TO_DATE('2025-07-16','YYYY-MM-DD'));
INSERT INTO enrollments (student_id, course_id, enrolment_date) VALUES (13, 205, TO_DATE('2024-03-15','YYYY-MM-DD'));
INSERT INTO enrollments (student_id, course_id, enrolment_date) VALUES (112, 210, TO_DATE('2024-03-08','YYYY-MM-DD'));
INSERT INTO enrollments (student_id, course_id, enrolment_date) VALUES (24, 206, TO_DATE('2022-04-27','YYYY-MM-DD'));
INSERT INTO enrollments (student_id, course_id, enrolment_date) VALUES (26, 214, TO_DATE('2022-07-30','YYYY-MM-DD'));
INSERT INTO enrollments (student_id, course_id, enrolment_date) VALUES (111, 211, TO_DATE('2024-09-27','YYYY-MM-DD'));
INSERT INTO enrollments (student_id, course_id, enrolment_date) VALUES (69, 215, TO_DATE('2022-10-11','YYYY-MM-DD'));
INSERT INTO enrollments (student_id, course_id, enrolment_date) VALUES (77, 204, TO_DATE('2025-04-22','YYYY-MM-DD'));
INSERT INTO enrollments (student_id, course_id, enrolment_date) VALUES (139, 206, TO_DATE('2024-07-13','YYYY-MM-DD'));
INSERT INTO enrollments (student_id, course_id, enrolment_date) VALUES (123, 206, TO_DATE('2024-01-04','YYYY-MM-DD'));
INSERT INTO enrollments (student_id, course_id, enrolment_date) VALUES (46, 207, TO_DATE('2023-11-26','YYYY-MM-DD'));
INSERT INTO enrollments (student_id, course_id, enrolment_date) VALUES (52, 207, TO_DATE('2023-09-20','YYYY-MM-DD'));
INSERT INTO enrollments (student_id, course_id, enrolment_date) VALUES (114, 215, TO_DATE('2025-06-11','YYYY-MM-DD'));
INSERT INTO enrollments (student_id, course_id, enrolment_date) VALUES (2, 207, TO_DATE('2024-03-26','YYYY-MM-DD'));
INSERT INTO enrollments (student_id, course_id, enrolment_date) VALUES (110, 217, TO_DATE('2024-10-27','YYYY-MM-DD'));
INSERT INTO enrollments (student_id, course_id, enrolment_date) VALUES (108, 215, TO_DATE('2023-02-18','YYYY-MM-DD'));
INSERT INTO enrollments (student_id, course_id, enrolment_date) VALUES (50, 213, TO_DATE('2023-11-09','YYYY-MM-DD'));
INSERT INTO enrollments (student_id, course_id, enrolment_date) VALUES (126, 211, TO_DATE('2024-10-16','YYYY-MM-DD'));
INSERT INTO enrollments (student_id, course_id, enrolment_date) VALUES (110, 202, TO_DATE('2023-09-07','YYYY-MM-DD'));
INSERT INTO enrollments (student_id, course_id, enrolment_date) VALUES (63, 212, TO_DATE('2022-01-21','YYYY-MM-DD'));
INSERT INTO enrollments (student_id, course_id, enrolment_date) VALUES (130, 210, TO_DATE('2025-06-07','YYYY-MM-DD'));
INSERT INTO enrollments (student_id, course_id, enrolment_date) VALUES (71, 209, TO_DATE('2022-10-22','YYYY-MM-DD'));
INSERT INTO enrollments (student_id, course_id, enrolment_date) VALUES (78, 215, TO_DATE('2025-01-11','YYYY-MM-DD'));
INSERT INTO enrollments (student_id, course_id, enrolment_date) VALUES (30, 207, TO_DATE('2024-11-30','YYYY-MM-DD'));
INSERT INTO enrollments (student_id, course_id, enrolment_date) VALUES (120, 210, TO_DATE('2023-12-05','YYYY-MM-DD'));
INSERT INTO enrollments (student_id, course_id, enrolment_date) VALUES (53, 210, TO_DATE('2024-05-03','YYYY-MM-DD'));
INSERT INTO enrollments (student_id, course_id, enrolment_date) VALUES (48, 217, TO_DATE('2022-09-25','YYYY-MM-DD'));
INSERT INTO enrollments (student_id, course_id, enrolment_date) VALUES (13, 207, TO_DATE('2023-08-21','YYYY-MM-DD'));
INSERT INTO enrollments (student_id, course_id, enrolment_date) VALUES (19, 210, TO_DATE('2025-01-17','YYYY-MM-DD'));
INSERT INTO enrollments (student_id, course_id, enrolment_date) VALUES (129, 204, TO_DATE('2025-02-20','YYYY-MM-DD'));
INSERT INTO enrollments (student_id, course_id, enrolment_date) VALUES (81, 201, TO_DATE('2023-06-12','YYYY-MM-DD'));
INSERT INTO enrollments (student_id, course_id, enrolment_date) VALUES (61, 206, TO_DATE('2022-06-12','YYYY-MM-DD'));
INSERT INTO enrollments (student_id, course_id, enrolment_date) VALUES (55, 217, TO_DATE('2024-05-18','YYYY-MM-DD'));
INSERT INTO enrollments (student_id, course_id, enrolment_date) VALUES (94, 201, TO_DATE('2023-08-02','YYYY-MM-DD'));
INSERT INTO enrollments (student_id, course_id, enrolment_date) VALUES (118, 207, TO_DATE('2022-01-15','YYYY-MM-DD'));
INSERT INTO enrollments (student_id, course_id, enrolment_date) VALUES (92, 207, TO_DATE('2025-04-13','YYYY-MM-DD'));
INSERT INTO enrollments (student_id, course_id, enrolment_date) VALUES (32, 217, TO_DATE('2023-05-25','YYYY-MM-DD'));
INSERT INTO enrollments (student_id, course_id, enrolment_date) VALUES (127, 209, TO_DATE('2024-03-16','YYYY-MM-DD'));
INSERT INTO enrollments (student_id, course_id, enrolment_date) VALUES (44, 201, TO_DATE('2022-06-02','YYYY-MM-DD'));
INSERT INTO enrollments (student_id, course_id, enrolment_date) VALUES (21, 207, TO_DATE('2024-04-27','YYYY-MM-DD'));
INSERT INTO enrollments (student_id, course_id, enrolment_date) VALUES (100, 212, TO_DATE('2024-02-14','YYYY-MM-DD'));
INSERT INTO enrollments (student_id, course_id, enrolment_date) VALUES (137, 212, TO_DATE('2024-11-11','YYYY-MM-DD'));
INSERT INTO enrollments (student_id, course_id, enrolment_date) VALUES (125, 214, TO_DATE('2023-03-22','YYYY-MM-DD'));
INSERT INTO enrollments (student_id, course_id, enrolment_date) VALUES (49, 207, TO_DATE('2023-04-25','YYYY-MM-DD'));
INSERT INTO enrollments (student_id, course_id, enrolment_date) VALUES (10, 204, TO_DATE('2025-06-16','YYYY-MM-DD'));
INSERT INTO enrollments (student_id, course_id, enrolment_date) VALUES (52, 201, TO_DATE('2024-07-22','YYYY-MM-DD'));
INSERT INTO enrollments (student_id, course_id, enrolment_date) VALUES (141, 210, TO_DATE('2024-07-02','YYYY-MM-DD'));
INSERT INTO enrollments (student_id, course_id, enrolment_date) VALUES (131, 207, TO_DATE('2025-03-28','YYYY-MM-DD'));
INSERT INTO enrollments (student_id, course_id, enrolment_date) VALUES (15, 213, TO_DATE('2022-04-11','YYYY-MM-DD'));
INSERT INTO enrollments (student_id, course_id, enrolment_date) VALUES (116, 206, TO_DATE('2023-01-09','YYYY-MM-DD'));
INSERT INTO enrollments (student_id, course_id, enrolment_date) VALUES (61, 215, TO_DATE('2023-03-05','YYYY-MM-DD'));
INSERT INTO enrollments (student_id, course_id, enrolment_date) VALUES (117, 215, TO_DATE('2024-02-12','YYYY-MM-DD'));
INSERT INTO enrollments (student_id, course_id, enrolment_date) VALUES (55, 212, TO_DATE('2024-06-16','YYYY-MM-DD'));
INSERT INTO enrollments (student_id, course_id, enrolment_date) VALUES (111, 213, TO_DATE('2023-09-15','YYYY-MM-DD'));
INSERT INTO enrollments (student_id, course_id, enrolment_date) VALUES (149, 217, TO_DATE('2025-03-21','YYYY-MM-DD'));
INSERT INTO enrollments (student_id, course_id, enrolment_date) VALUES (114, 207, TO_DATE('2024-04-17','YYYY-MM-DD'));
INSERT INTO enrollments (student_id, course_id, enrolment_date) VALUES (18, 206, TO_DATE('2025-03-14','YYYY-MM-DD'));
INSERT INTO enrollments (student_id, course_id, enrolment_date) VALUES (74, 202, TO_DATE('2025-03-09','YYYY-MM-DD'));
INSERT INTO enrollments (student_id, course_id, enrolment_date) VALUES (111, 215, TO_DATE('2023-09-23','YYYY-MM-DD'));
INSERT INTO enrollments (student_id, course_id, enrolment_date) VALUES (101, 201, TO_DATE('2025-07-14','YYYY-MM-DD'));
INSERT INTO enrollments (student_id, course_id, enrolment_date) VALUES (87, 211, TO_DATE('2022-04-18','YYYY-MM-DD'));
INSERT INTO enrollments (student_id, course_id, enrolment_date) VALUES (97, 207, TO_DATE('2023-06-26','YYYY-MM-DD'));
INSERT INTO enrollments (student_id, course_id, enrolment_date) VALUES (64, 215, TO_DATE('2024-04-23','YYYY-MM-DD'));
INSERT INTO enrollments (student_id, course_id, enrolment_date) VALUES (74, 206, TO_DATE('2023-07-14','YYYY-MM-DD'));
INSERT INTO enrollments (student_id, course_id, enrolment_date) VALUES (71, 217, TO_DATE('2023-12-21','YYYY-MM-DD'));
INSERT INTO enrollments (student_id, course_id, enrolment_date) VALUES (78, 201, TO_DATE('2025-04-30','YYYY-MM-DD'));
INSERT INTO enrollments (student_id, course_id, enrolment_date) VALUES (80, 207, TO_DATE('2022-06-16','YYYY-MM-DD'));
INSERT INTO enrollments (student_id, course_id, enrolment_date) VALUES (76, 201, TO_DATE('2024-09-12','YYYY-MM-DD'));
INSERT INTO enrollments (student_id, course_id, enrolment_date) VALUES (9, 212, TO_DATE('2022-09-09','YYYY-MM-DD'));
INSERT INTO enrollments (student_id, course_id, enrolment_date) VALUES (129, 207, TO_DATE('2022-02-12','YYYY-MM-DD'));
INSERT INTO enrollments (student_id, course_id, enrolment_date) VALUES (110, 207, TO_DATE('2024-10-07','YYYY-MM-DD'));
INSERT INTO enrollments (student_id, course_id, enrolment_date) VALUES (9, 210, TO_DATE('2023-05-25','YYYY-MM-DD'));
INSERT INTO enrollments (student_id, course_id, enrolment_date) VALUES (41, 207, TO_DATE('2024-07-17','YYYY-MM-DD'));
INSERT INTO enrollments (student_id, course_id, enrolment_date) VALUES (131, 209, TO_DATE('2022-06-07','YYYY-MM-DD'));
INSERT INTO enrollments (student_id, course_id, enrolment_date) VALUES (143, 210, TO_DATE('2024-02-05','YYYY-MM-DD'));
INSERT INTO enrollments (student_id, course_id, enrolment_date) VALUES (38, 206, TO_DATE('2022-03-13','YYYY-MM-DD'));
INSERT INTO enrollments (student_id, course_id, enrolment_date) VALUES (139, 204, TO_DATE('2024-10-31','YYYY-MM-DD'));
INSERT INTO enrollments (student_id, course_id, enrolment_date) VALUES (95, 206, TO_DATE('2023-03-24','YYYY-MM-DD'));
INSERT INTO enrollments (student_id, course_id, enrolment_date) VALUES (123, 210, TO_DATE('2024-08-29','YYYY-MM-DD'));
INSERT INTO enrollments (student_id, course_id, enrolment_date) VALUES (81, 207, TO_DATE('2024-09-24','YYYY-MM-DD'));
INSERT INTO enrollments (student_id, course_id, enrolment_date) VALUES (108, 217, TO_DATE('2025-06-02','YYYY-MM-DD'));
INSERT INTO enrollments (student_id, course_id, enrolment_date) VALUES (6, 212, TO_DATE('2023-04-23','YYYY-MM-DD'));
INSERT INTO enrollments (student_id, course_id, enrolment_date) VALUES (97, 209, TO_DATE('2023-08-08','YYYY-MM-DD'));
INSERT INTO enrollments (student_id, course_id, enrolment_date) VALUES (74, 207, TO_DATE('2024-05-24','YYYY-MM-DD'));
INSERT INTO enrollments (student_id, course_id, enrolment_date) VALUES (11, 215, TO_DATE('2023-11-30','YYYY-MM-DD'));
INSERT INTO enrollments (student_id, course_id, enrolment_date) VALUES (72, 215, TO_DATE('2023-02-02','YYYY-MM-DD'));
INSERT INTO enrollments (student_id, course_id, enrolment_date) VALUES (142, 202, TO_DATE('2022-05-29','YYYY-MM-DD'));
INSERT INTO enrollments (student_id, course_id, enrolment_date) VALUES (2, 214, TO_DATE('2022-12-12','YYYY-MM-DD'));
INSERT INTO enrollments (student_id, course_id, enrolment_date) VALUES (139, 212, TO_DATE('2024-07-12','YYYY-MM-DD'));
INSERT INTO enrollments (student_id, course_id, enrolment_date) VALUES (25, 207, TO_DATE('2024-06-29','YYYY-MM-DD'));


INSERT INTO course_mappings (faculty_id, course_id, role) VALUES (1, 201, 'Primary');
INSERT INTO course_mappings (faculty_id, course_id, role) VALUES (12, 201, 'Secondary');
INSERT INTO course_mappings (faculty_id, course_id, role) VALUES (25, 201, 'Secondary');
INSERT INTO course_mappings (faculty_id, course_id, role) VALUES (33, 201, 'Secondary');
INSERT INTO course_mappings (faculty_id, course_id, role) VALUES (35, 201, 'Secondary');
INSERT INTO course_mappings (faculty_id, course_id, role) VALUES (3, 202, 'Primary');
INSERT INTO course_mappings (faculty_id, course_id, role) VALUES (14, 202, 'Secondary');
INSERT INTO course_mappings (faculty_id, course_id, role) VALUES (28, 202, 'Secondary');
INSERT INTO course_mappings (faculty_id, course_id, role) VALUES (8, 202, 'Secondary');
INSERT INTO course_mappings (faculty_id, course_id, role) VALUES (30, 202, 'Secondary');
INSERT INTO course_mappings (faculty_id, course_id, role) VALUES (9, 203, 'Primary');
INSERT INTO course_mappings (faculty_id, course_id, role) VALUES (5, 204, 'Primary');
INSERT INTO course_mappings (faculty_id, course_id, role) VALUES (16, 204, 'Secondary');
INSERT INTO course_mappings (faculty_id, course_id, role) VALUES (32, 204, 'Secondary');
INSERT INTO course_mappings (faculty_id, course_id, role) VALUES (20, 204, 'Secondary');
INSERT INTO course_mappings (faculty_id, course_id, role) VALUES (24, 204, 'Secondary');
INSERT INTO course_mappings (faculty_id, course_id, role) VALUES (2, 205, 'Primary');
INSERT INTO course_mappings (faculty_id, course_id, role) VALUES (19, 205, 'Secondary');
INSERT INTO course_mappings (faculty_id, course_id, role) VALUES (8, 206, 'Primary');
INSERT INTO course_mappings (faculty_id, course_id, role) VALUES (20, 206, 'Secondary');
INSERT INTO course_mappings (faculty_id, course_id, role) VALUES (31, 206, 'Secondary');
INSERT INTO course_mappings (faculty_id, course_id, role) VALUES (26, 206, 'Secondary');
INSERT INTO course_mappings (faculty_id, course_id, role) VALUES (10, 207, 'Primary');
INSERT INTO course_mappings (faculty_id, course_id, role) VALUES (4, 208, 'Primary');
INSERT INTO course_mappings (faculty_id, course_id, role) VALUES (18, 208, 'Secondary');
INSERT INTO course_mappings (faculty_id, course_id, role) VALUES (27, 208, 'Secondary');
INSERT INTO course_mappings (faculty_id, course_id, role) VALUES (12, 209, 'Primary');
INSERT INTO course_mappings (faculty_id, course_id, role) VALUES (15, 209, 'Secondary');
INSERT INTO course_mappings (faculty_id, course_id, role) VALUES (25, 209, 'Secondary');
INSERT INTO course_mappings (faculty_id, course_id, role) VALUES (28, 209, 'Secondary');
INSERT INTO course_mappings (faculty_id, course_id, role) VALUES (36, 209, 'Secondary');
INSERT INTO course_mappings (faculty_id, course_id, role) VALUES (13, 210, 'Primary');
INSERT INTO course_mappings (faculty_id, course_id, role) VALUES (24, 210, 'Secondary');
INSERT INTO course_mappings (faculty_id, course_id, role) VALUES (35, 210, 'Secondary');
INSERT INTO course_mappings (faculty_id, course_id, role) VALUES (39, 210, 'Secondary');
INSERT INTO course_mappings (faculty_id, course_id, role) VALUES (14, 211, 'Primary');
INSERT INTO course_mappings (faculty_id, course_id, role) VALUES (26, 211, 'Secondary');
INSERT INTO course_mappings (faculty_id, course_id, role) VALUES (40, 211, 'Secondary');
INSERT INTO course_mappings (faculty_id, course_id, role) VALUES (36, 211, 'Secondary');
INSERT INTO course_mappings (faculty_id, course_id, role) VALUES (15, 212, 'Primary');
INSERT INTO course_mappings (faculty_id, course_id, role) VALUES (37, 212, 'Secondary');
INSERT INTO course_mappings (faculty_id, course_id, role) VALUES (25, 212, 'Secondary');
INSERT INTO course_mappings (faculty_id, course_id, role) VALUES (16, 213, 'Primary');
INSERT INTO course_mappings (faculty_id, course_id, role) VALUES (17, 214, 'Primary');
INSERT INTO course_mappings (faculty_id, course_id, role) VALUES (33, 214, 'Secondary');
INSERT INTO course_mappings (faculty_id, course_id, role) VALUES (38, 214, 'Secondary');
INSERT INTO course_mappings (faculty_id, course_id, role) VALUES (30, 214, 'Secondary');
INSERT INTO course_mappings (faculty_id, course_id, role) VALUES (20, 215, 'Primary');
INSERT INTO course_mappings (faculty_id, course_id, role) VALUES (35, 215, 'Secondary');
INSERT INTO course_mappings (faculty_id, course_id, role) VALUES (21, 215, 'Secondary');
INSERT INTO course_mappings (faculty_id, course_id, role) VALUES (31, 215, 'Secondary');
INSERT INTO course_mappings (faculty_id, course_id, role) VALUES (39, 215, 'Secondary');
INSERT INTO course_mappings (faculty_id, course_id, role) VALUES (19, 216, 'Primary');
INSERT INTO course_mappings (faculty_id, course_id, role) VALUES (39, 216, 'Secondary');
INSERT INTO course_mappings (faculty_id, course_id, role) VALUES (28, 216, 'Secondary');
INSERT INTO course_mappings (faculty_id, course_id, role) VALUES (32, 216, 'Secondary');
INSERT INTO course_mappings (faculty_id, course_id, role) VALUES (21, 217, 'Primary');
INSERT INTO course_mappings (faculty_id, course_id, role) VALUES (18, 217, 'Secondary');
INSERT INTO course_mappings (faculty_id, course_id, role) VALUES (36, 217, 'Secondary');
INSERT INTO course_mappings (faculty_id, course_id, role) VALUES (40, 217, 'Secondary');
INSERT INTO course_mappings (faculty_id, course_id, role) VALUES (25, 217, 'Secondary');

-- department and students
select d.location,count(*),d.d_name from
departments d
join 
Students s
on d.d_id = s.department_id
group by d.location,d.d_name;


-- faculty and departments
select f.f_name,f.salary from
departments d
join 
faculty f
on d.d_id = f.department_id
group by d.d_name
order by f.salary DESC;

-- enrollments and students
select * from
enrollments e
join 
students s
on e.student_id = s.s_id
join
courses c 
on e.course_id=c.c_id
where e.student_id is NULL;



select d.d_name,count(*) from
enrollments e
join 
students s
on e.student_id = s.s_id
join departments d  
on d.d_id=s.department_id
group by d.d_name;


select department_id,count(*) as cnt
from faculty 
group by department_id
order by cnt;


select * from departments;

select student_id,count(*) as cnt
from enrollments
group by student_id
order by cnt DESC;

select name,dob from students
order by dob DESC;



-- course_mappings and faculty
select count(*) from
course_mappings m
right join 
faculty f
on f.f_id = m.faculty_id
where m.role is null;



select enrolment_date,count(*)
from enrollments
where to_char(enrolment_date,'YYYY')=2025
group by to_char(enrolment_date,'MM');







-- course_mappings and courses
select * from
course_mappings m
join 
courses c
on m.course_id = c.c_id
where c.c_id=215;


select * from course_mappings;


-- enrollments and courses
select * from
enrollments e
join 
courses c
on e.course_id=c.c_id
where e.enrolment_date is null;




select * from courses;





SELECT
d.d_name,
c.c_name,
COUNT(e.student_id)
FROM
enrollments e
JOIN
students s ON e.student_id = s.s_id
JOIN
departments d ON s.department_id = d.d_id
JOIN
courses c ON e.course_id = c.c_id
GROUP BY
 d.d_name,
c.c_name
ORDER BY
student_count DESC;

select doj,count(*)
from faculty 
group by doj;




